ad_id,xyz_campaign_id,fb_campaign_id,age,gender,interest,Impressions,Clicks,Spent,Total_Conversion,Approved_Conversion,CTR,CPC,CPA,Click_to_Conversion_Rate,Conversion_to_Approval_Rate,attribution_type,Order_Value_Assumption,Revenue,ROAS,ROI_pct
708746,916,103916,30-34,M,15,7350,1,1.429999948,2,1,0.00013605442176870748,1.429999948,1.429999948,2.0,0.5,click_through,100.0,100.0,69.93007247298165,6893.007247298165
708749,916,103917,30-34,M,16,17861,2,1.820000023,2,0,0.00011197581322434354,0.9100000115,,1.0,0.0,click_through,100.0,0.0,0.0,-100.0
708771,916,103920,30-34,M,20,693,0,0.0,1,0,0.0,,,,0.0,view_through,100.0,0.0,,
708815,916,103928,30-34,M,28,4259,1,1.25,1,0,0.00023479690068091102,1.25,,1.0,0.0,click_through,100.0,0.0,0.0,-100.0
708818,916,103928,30-34,M,28,4133,1,1.289999962,1,1,0.00024195499637067505,1.289999962,1.289999962,1.0,1.0,click_through,100.0,100.0,77.51938212847793,7651.938212847793
708820,916,103929,30-34,M,29,1915,0,0.0,1,1,0.0,,0.0,,1.0,view_through,100.0,100.0,,
708889,916,103940,30-34,M,15,15615,3,4.769999981,1,0,0.00019212295869356388,1.5899999936666667,,0.3333333333333333,0.0,click_through,100.0,0.0,0.0,-100.0
708895,916,103941,30-34,M,16,10951,1,1.269999981,1,1,9.131586156515387e-05,1.269999981,1.269999981,1.0,1.0,click_through,100.0,100.0,78.74015865831734,7774.015865831734
708953,916,103951,30-34,M,27,2355,1,1.5,1,0,0.0004246284501061571,1.5,,1.0,0.0,click_through,100.0,0.0,0.0,-100.0
708958,916,103952,30-34,M,28,9502,3,3.159999967,1,0,0.0003157230056830141,1.0533333223333334,,0.3333333333333333,0.0,click_through,100.0,0.0,0.0,-100.0
708979,916,103955,30-34,M,31,1224,0,0.0,1,0,0.0,,,,0.0,view_through,100.0,0.0,,
709023,916,103962,30-34,M,7,735,0,0.0,1,0,0.0,,,,0.0,view_through,100.0,0.0,,
709038,916,103965,30-34,M,16,5117,0,0.0,1,0,0.0,,,,0.0,view_through,100.0,0.0,,
709040,916,103965,30-34,M,16,5120,0,0.0,1,0,0.0,,,,0.0,view_through,100.0,0.0,,
709059,916,103968,30-34,M,20,14669,7,10.28000021,1,1,0.000477196809598473,1.4685714585714287,10.28000021,0.14285714285714285,1.0,click_through,100.0,100.0,9.727626260427867,872.7626260427869
709105,916,103976,30-34,M,28,1241,0,0.0,1,1,0.0,,0.0,,1.0,view_through,100.0,100.0,,
709115,916,103978,30-34,M,30,2305,1,0.569999993,1,0,0.0004338394793926247,0.569999993,,1.0,0.0,click_through,100.0,0.0,0.0,-100.0
709124,916,103979,30-34,M,31,1024,0,0.0,1,1,0.0,,0.0,,1.0,view_through,100.0,100.0,,
709179,916,103988,35-39,M,15,4627,1,1.690000057,1,0,0.0002161227577263886,1.690000057,,1.0,0.0,click_through,100.0,0.0,0.0,-100.0
709183,916,103989,35-39,M,16,21026,4,4.630000114,2,1,0.00019024065442785123,1.1575000285,4.630000114,0.5,0.5,click_through,100.0,100.0,21.59827160643564,2059.8271606435646
709320,916,104012,35-39,M,15,1422,0,0.0,1,1,0.0,,0.0,,1.0,view_through,100.0,100.0,,
709323,916,104012,35-39,M,15,7132,2,2.609999895,1,0,0.00028042624789680314,1.3049999475,,0.5,0.0,click_through,100.0,0.0,0.0,-100.0
709326,916,104013,35-39,M,16,12190,2,3.049999952,1,0,0.00016406890894175554,1.524999976,,0.5,0.0,click_through,100.0,0.0,0.0,-100.0
709327,916,104013,35-39,M,16,12193,2,3.059999943,1,1,0.0001640285409661281,1.5299999715,3.059999943,0.5,1.0,click_through,100.0,100.0,32.679739170831745,3167.973917083175
709328,916,104013,35-39,M,16,3332,0,0.0,1,1,0.0,,0.0,,1.0,view_through,100.0,100.0,,
709455,916,104034,35-39,M,7,559,0,0.0,1,0,0.0,,,,0.0,view_through,100.0,0.0,,
709544,916,104049,35-39,M,29,7440,2,2.980000019,1,1,0.00026881720430107527,1.4900000095,2.980000019,0.5,1.0,click_through,100.0,100.0,33.557046765911444,3255.7046765911446
709614,916,104061,40-44,M,16,19113,4,5.5200001,1,0,0.00020928164076806363,1.380000025,,0.25,0.0,click_through,100.0,0.0,0.0,-100.0
709756,916,104085,40-44,M,16,10976,2,1.690000057,1,1,0.00018221574344023323,0.8450000285,1.690000057,0.5,1.0,click_through,100.0,100.0,59.17159563740772,5817.159563740772
709761,916,104085,40-44,M,16,2861,0,0.0,1,0,0.0,,,,0.0,view_through,100.0,0.0,,
709899,916,104108,40-44,M,15,1398,0,0.0,1,1,0.0,,0.0,,1.0,view_through,100.0,100.0,,
709901,916,104109,40-44,M,16,23817,7,8.470000148,1,1,0.0002939077129781249,1.2100000211428572,8.470000148,0.14285714285714285,1.0,click_through,100.0,100.0,11.80637523644114,1080.637523644114
710045,916,104133,45-49,M,16,47224,12,15.82000017,1,0,0.00025410808063696424,1.3183333475,,0.08333333333333333,0.0,click_through,100.0,0.0,0.0,-100.0
710088,916,104140,45-49,M,24,2283,1,1.470000029,1,0,0.0004380201489268506,1.470000029,,1.0,0.0,click_through,100.0,0.0,0.0,-100.0
710360,916,104185,45-49,M,21,2182,1,1.529999971,1,1,0.00045829514207149406,1.529999971,1.529999971,1.0,1.0,click_through,100.0,100.0,65.35947836302279,6435.947836302279
710477,916,104205,30-34,F,16,2654,0,0.0,1,1,0.0,,0.0,,1.0,view_through,100.0,100.0,,
710480,916,104205,30-34,F,16,57665,14,18.06999969,1,1,0.00024278158328275385,1.2907142635714286,18.06999969,0.07142857142857142,1.0,click_through,100.0,100.0,5.534034405951891,453.40344059518907
710571,916,104220,30-34,F,32,3091,1,1.610000014,1,1,0.00032351989647363315,1.610000014,1.610000014,1.0,1.0,click_through,100.0,100.0,62.111800702133415,6111.180070213341
710617,916,104228,30-34,F,15,5014,1,1.190000057,1,0,0.00019944156362185878,1.190000057,,1.0,0.0,click_through,100.0,0.0,0.0,-100.0
710623,916,104229,30-34,F,16,38726,7,9.220000267,1,0,0.00018075711408356142,1.3171428952857143,,0.14285714285714285,0.0,click_through,100.0,0.0,0.0,-100.0
710628,916,104230,30-34,F,18,1473,0,0.0,1,0,0.0,,,,0.0,view_through,100.0,0.0,,
710682,916,104239,30-34,F,27,1186,0,0.0,1,0,0.0,,,,0.0,view_through,100.0,0.0,,
710763,916,104252,30-34,F,15,5369,1,1.50999999,1,0,0.00018625442354255913,1.50999999,,1.0,0.0,click_through,100.0,0.0,0.0,-100.0
710836,916,104265,30-34,F,29,22221,7,9.430000067,1,1,0.0003150173259529274,1.3471428667142857,9.430000067,0.14285714285714285,1.0,click_through,100.0,100.0,10.604453795281188,960.4453795281188
710867,916,104270,30-34,F,63,1185,0,0.0,1,0,0.0,,,,0.0,view_through,100.0,0.0,,
710880,916,104272,30-34,F,65,13019,5,6.960000038,1,0,0.00038405407481373376,1.3920000076,,0.2,0.0,click_through,100.0,0.0,0.0,-100.0
710961,916,104285,35-39,F,25,2508,1,1.220000029,1,0,0.00039872408293460925,1.220000029,,1.0,0.0,click_through,100.0,0.0,0.0,-100.0
710968,916,104287,35-39,F,27,5864,2,2.799999952,1,1,0.00034106412005457026,1.399999976,2.799999952,0.5,1.0,click_through,100.0,100.0,35.714286326530626,3471.428632653063
711217,916,104328,35-39,F,20,2783,1,1.600000024,1,0,0.00035932446999640676,1.600000024,,1.0,0.0,click_through,100.0,0.0,0.0,-100.0
711623,916,104396,40-44,F,15,3812,1,1.129999995,2,1,0.00026232948583420777,1.129999995,1.129999995,2.0,0.5,click_through,100.0,100.0,88.49557561281229,8749.557561281228
711764,916,104419,45-49,F,10,11199,4,5.730000019,1,1,0.0003571747477453344,1.43250000475,5.730000019,0.25,1.0,click_through,100.0,100.0,17.452006922934007,1645.2006922934008
711785,916,104423,45-49,F,19,292,0,0.0,1,0,0.0,,,,0.0,view_through,100.0,0.0,,
711877,916,104438,45-49,F,63,17572,7,9.379999995,1,0,0.00039836102890962894,1.3399999992857143,,0.14285714285714285,0.0,click_through,100.0,0.0,0.0,-100.0
712052,916,104467,45-49,F,10,1448,0,0.0,1,1,0.0,,0.0,,1.0,view_through,100.0,100.0,,
734209,936,108654,30-34,M,10,1772,0,0.0,1,1,0.0,,0.0,,1.0,view_through,100.0,100.0,,
734210,936,108654,30-34,M,10,13329,4,5.629999995,1,1,0.00030009753169780176,1.40749999875,5.629999995,0.25,1.0,click_through,100.0,100.0,17.761989358580806,1676.1989358580806
734215,936,108655,30-34,M,15,13659,3,3.840000033,1,0,0.00021963540522732265,1.280000011,,0.3333333333333333,0.0,click_through,100.0,0.0,0.0,-100.0
734243,936,108660,30-34,M,21,739,0,0.0,1,1,0.0,,0.0,,1.0,view_through,100.0,100.0,,
734266,936,108664,30-34,M,25,605,0,0.0,1,0,0.0,,,,0.0,view_through,100.0,0.0,,
734272,936,108665,30-34,M,26,1030,0,0.0,1,0,0.0,,,,0.0,view_through,100.0,0.0,,
734290,936,108668,30-34,M,29,5374,1,1.039999962,4,0,0.00018608113137327876,1.039999962,,4.0,0.0,click_through,100.0,0.0,0.0,-100.0
734313,936,108672,30-34,M,36,790,0,0.0,1,1,0.0,,0.0,,1.0,view_through,100.0,100.0,,
734314,936,108672,30-34,M,36,962,0,0.0,1,0,0.0,,,,0.0,view_through,100.0,0.0,,
734352,936,108678,35-39,M,10,4423,1,1.460000038,1,1,0.00022609088853719196,1.460000038,1.460000038,1.0,1.0,click_through,100.0,100.0,68.49314890223312,6749.314890223311
734361,936,108680,35-39,M,16,12382,2,2.839999914,1,1,0.00016152479405588758,1.419999957,2.839999914,0.5,1.0,click_through,100.0,100.0,35.21126867189053,3421.126867189053
734381,936,108683,35-39,M,20,2938,1,1.350000024,1,1,0.0003403675970047651,1.350000024,1.350000024,1.0,1.0,click_through,100.0,100.0,74.07407275720166,7307.407275720167
734399,936,108686,35-39,M,23,239,0,0.0,1,0,0.0,,,,0.0,view_through,100.0,0.0,,
734418,936,108689,35-39,M,26,591,0,0.0,1,0,0.0,,,,0.0,view_through,100.0,0.0,,
734421,936,108690,35-39,M,27,10332,4,5.75,1,0,0.00038714672861014324,1.4375,,0.25,0.0,click_through,100.0,0.0,0.0,-100.0
734427,936,108691,35-39,M,28,8259,3,3.980000019,1,0,0.0003632401017072285,1.326666673,,0.3333333333333333,0.0,click_through,100.0,0.0,0.0,-100.0
734433,936,108692,35-39,M,29,12158,3,4.449999928,1,0,0.0002467511103799967,1.4833333093333334,,0.3333333333333333,0.0,click_through,100.0,0.0,0.0,-100.0
734582,936,108716,40-44,M,29,7709,2,1.320000052,2,0,0.0002594370216629913,0.660000026,,1.0,0.0,click_through,100.0,0.0,0.0,-100.0
734605,936,108720,40-44,M,36,834,0,0.0,1,0,0.0,,,,0.0,view_through,100.0,0.0,,
734660,936,108729,45-49,M,18,1299,0,0.0,2,0,0.0,,,,0.0,view_through,100.0,0.0,,
734666,936,108730,45-49,M,19,371,0,0.0,1,0,0.0,,,,0.0,view_through,100.0,0.0,,
734726,936,108740,45-49,M,29,10466,3,4.090000033,1,0,0.0002866424613032677,1.3633333443333333,,0.3333333333333333,0.0,click_through,100.0,0.0,0.0,-100.0
734737,936,108742,45-49,M,31,839,0,0.0,1,0,0.0,,,,0.0,view_through,100.0,0.0,,
734785,936,108750,30-34,F,10,5576,1,1.529999971,1,1,0.0001793400286944046,1.529999971,1.529999971,1.0,1.0,click_through,100.0,100.0,65.35947836302279,6435.947836302279
734794,936,108752,30-34,F,16,4010,0,0.0,1,0,0.0,,,,0.0,view_through,100.0,0.0,,
734796,936,108752,30-34,F,16,39337,7,10.03000009,1,1,0.00017794951318097466,1.4328571557142857,10.03000009,0.14285714285714285,1.0,click_through,100.0,100.0,9.970089641345158,897.0089641345158
734800,936,108753,30-34,F,18,1635,0,0.0,1,0,0.0,,,,0.0,view_through,100.0,0.0,,
734803,936,108753,30-34,F,18,1631,0,0.0,1,0,0.0,,,,0.0,view_through,100.0,0.0,,
734852,936,108761,30-34,F,26,13479,3,4.25,1,0,0.00022256843979523704,1.4166666666666667,,0.3333333333333333,0.0,click_through,100.0,0.0,0.0,-100.0
734854,936,108762,30-34,F,27,57022,13,20.29000032,3,3,0.0002279821823155975,1.5607692553846155,6.76333344,0.23076923076923078,1.0,click_through,100.0,300.0,14.785608441035253,1378.5608441035254
734856,936,108762,30-34,F,27,5453,1,1.389999986,1,1,0.00018338529249954154,1.389999986,1.389999986,1.0,1.0,click_through,100.0,100.0,71.94244676776565,7094.244676776564
734866,936,108764,30-34,F,29,11803,3,4.440000057,1,0,0.0002541726679657714,1.480000019,,0.3333333333333333,0.0,click_through,100.0,0.0,0.0,-100.0
734881,936,108766,30-34,F,31,4259,1,1.570000052,1,1,0.00023479690068091102,1.570000052,1.570000052,1.0,1.0,click_through,100.0,100.0,63.69426540630459,6269.4265406304585
734901,936,108770,30-34,F,64,1554,0,0.0,1,0,0.0,,,,0.0,view_through,100.0,0.0,,
734903,936,108770,30-34,F,64,5323,1,1.289999962,1,1,0.00018786398647379298,1.289999962,1.289999962,1.0,1.0,click_through,100.0,100.0,77.51938212847793,7651.938212847793
734925,936,108774,35-39,F,10,5024,1,1.409999967,1,1,0.00019904458598726116,1.409999967,1.409999967,1.0,1.0,click_through,100.0,100.0,70.92198747547914,6992.198747547913
734939,936,108776,35-39,F,16,104648,24,33.33000004,4,2,0.00022934026450577172,1.3887500016666667,16.66500002,0.16666666666666666,0.5,click_through,100.0,200.0,6.00060005280456,500.0600052804559
734968,936,108781,35-39,F,22,8504,3,3.340000093,1,1,0.0003527751646284102,1.1133333643333334,3.340000093,0.3333333333333333,1.0,click_through,100.0,100.0,29.940118926817046,2894.0118926817045
734999,936,108786,35-39,F,27,20277,6,8.050000072,1,0,0.00029590176061547566,1.3416666786666667,,0.16666666666666666,0.0,click_through,100.0,0.0,0.0,-100.0
735014,936,108788,35-39,F,29,12403,4,5.210000038,1,1,0.0003225026203337902,1.3025000095,5.210000038,0.25,1.0,click_through,100.0,100.0,19.193857825457464,1819.3857825457465
735032,936,108791,35-39,F,32,498,0,0.0,1,1,0.0,,0.0,,1.0,view_through,100.0,100.0,,
735033,936,108792,35-39,F,36,652,0,0.0,0,0,0.0,,,,,view_through,100.0,0.0,,
735043,936,108793,35-39,F,63,1357,0,0.0,1,1,0.0,,0.0,,1.0,view_through,100.0,100.0,,
735048,936,108794,35-39,F,64,1393,0,0.0,1,0,0.0,,,,0.0,view_through,100.0,0.0,,
735065,936,108797,40-44,F,7,648,0,0.0,1,0,0.0,,,,0.0,view_through,100.0,0.0,,
735109,936,108804,40-44,F,21,708,0,0.0,1,1,0.0,,0.0,,1.0,view_through,100.0,100.0,,
735140,936,108809,40-44,F,26,6907,2,2.349999964,1,0,0.0002895613146083683,1.174999982,,0.5,0.0,click_through,100.0,0.0,0.0,-100.0
735143,936,108810,40-44,F,27,39035,13,19.32999957,1,0,0.0003330344562572051,1.4869230438461538,,0.07692307692307693,0.0,click_through,100.0,0.0,0.0,-100.0
735151,936,108811,40-44,F,28,926,0,0.0,1,0,0.0,,,,0.0,view_through,100.0,0.0,,
735184,936,108817,40-44,F,63,4412,1,1.450000048,1,0,0.00022665457842248413,1.450000048,,1.0,0.0,click_through,100.0,0.0,0.0,-100.0
735189,936,108818,40-44,F,64,9965,3,4.050000072,1,0,0.00030105368790767686,1.3500000239999999,,0.3333333333333333,0.0,click_through,100.0,0.0,0.0,-100.0
735213,936,108822,45-49,F,10,73634,23,32.97999978,1,0,0.0003123557052448597,1.4339130339130435,,0.043478260869565216,0.0,click_through,100.0,0.0,0.0,-100.0
735220,936,108823,45-49,F,15,69708,20,31.28999949,1,0,0.0002869111149365926,1.5644999745,,0.05,0.0,click_through,100.0,0.0,0.0,-100.0
735242,936,108826,45-49,F,19,530,0,0.0,1,0,0.0,,,,0.0,view_through,100.0,0.0,,
735247,936,108827,45-49,F,20,14257,6,8.789999962,1,0,0.00042084590025952165,1.4649999936666667,,0.16666666666666666,0.0,click_through,100.0,0.0,0.0,-100.0
735289,936,108834,45-49,F,27,20362,5,9.119999886,1,1,0.0002455554464198016,1.8239999772000002,9.119999886,0.2,1.0,click_through,100.0,100.0,10.96491241776316,996.491241776316
735290,936,108834,45-49,F,27,12215,4,6.26000011,1,0,0.0003274662300450266,1.5650000275,,0.25,0.0,click_through,100.0,0.0,0.0,-100.0
735298,936,108836,45-49,F,29,85412,28,38.63999999,2,1,0.0003278227883669742,1.3799999996428571,38.63999999,0.07142857142857142,0.5,click_through,100.0,100.0,2.587991719096271,158.79917190962712
736869,936,109448,30-34,M,2,2338,1,0.239999995,1,0,0.000427715996578272,0.239999995,,1.0,0.0,click_through,100.0,0.0,0.0,-100.0
736890,936,109451,30-34,M,15,2522,0,0.0,1,0,0.0,,,,0.0,view_through,100.0,0.0,,
736893,936,109452,30-34,M,16,3587,0,0.0,1,0,0.0,,,,0.0,view_through,100.0,0.0,,
736977,936,109470,30-34,M,27,1273,0,0.0,1,0,0.0,,,,0.0,view_through,100.0,0.0,,
736988,936,109472,30-34,M,28,3891,1,1.090000033,1,0,0.00025700334104343357,1.090000033,,1.0,0.0,click_through,100.0,0.0,0.0,-100.0
736995,936,109473,30-34,M,29,1888,0,0.0,1,0,0.0,,,,0.0,view_through,100.0,0.0,,
736997,936,109473,30-34,M,29,1895,0,0.0,1,0,0.0,,,,0.0,view_through,100.0,0.0,,
737097,936,109498,35-39,M,7,715,0,0.0,1,0,0.0,,,,0.0,view_through,100.0,0.0,,
737130,936,109507,35-39,M,16,11199,2,2.680000067,1,0,0.0001785873738726672,1.3400000335,,0.5,0.0,click_through,100.0,0.0,0.0,-100.0
737320,936,109553,35-39,M,63,5676,2,3.00999999,1,0,0.00035236081747709656,1.504999995,,0.5,0.0,click_through,100.0,0.0,0.0,-100.0
737375,936,109565,40-44,M,10,1415,0,0.0,1,0,0.0,,,,0.0,view_through,100.0,0.0,,
737524,936,109601,40-44,M,30,2148,1,1.580000043,1,1,0.0004655493482309125,1.580000043,1.580000043,1.0,1.0,click_through,100.0,100.0,63.291137518026,6229.113751802601
737644,936,109629,45-49,M,16,45401,10,14.06000042,1,0,0.00022025946565053632,1.406000042,,0.1,0.0,click_through,100.0,0.0,0.0,-100.0
737657,936,109633,45-49,M,18,7478,2,2.900000095,1,1,0.0002674511901577962,1.4500000475,2.900000095,0.5,1.0,click_through,100.0,100.0,34.48275749108208,3348.2757491082084
737658,936,109633,45-49,M,18,4919,1,1.590000033,1,0,0.00020329335230737954,1.590000033,,1.0,0.0,click_through,100.0,0.0,0.0,-100.0
737674,936,109637,45-49,M,20,533,0,0.0,1,1,0.0,,0.0,,1.0,view_through,100.0,100.0,,
737766,936,109659,45-49,M,29,1447,0,0.0,1,1,0.0,,0.0,,1.0,view_through,100.0,100.0,,
737896,936,109689,30-34,F,16,17553,3,4.590000153,1,0,0.00017091095539224064,1.530000051,,0.3333333333333333,0.0,click_through,100.0,0.0,0.0,-100.0
737931,936,109698,30-34,F,20,3343,1,0.540000021,1,0,0.0002991325157044571,0.540000021,,1.0,0.0,click_through,100.0,0.0,0.0,-100.0
737961,936,109706,30-34,F,23,523,0,0.0,1,0,0.0,,,,0.0,view_through,100.0,0.0,,
737995,936,109714,30-34,F,26,1873,0,0.0,1,0,0.0,,,,0.0,view_through,100.0,0.0,,
738006,936,109717,30-34,F,27,34740,7,13.41000009,1,1,0.00020149683362118595,1.9157142985714286,13.41000009,0.14285714285714285,1.0,click_through,100.0,100.0,7.4571215010334875,645.7121501033488
738067,936,109731,30-34,F,32,658,0,0.0,1,0,0.0,,,,0.0,view_through,100.0,0.0,,
738098,936,109738,30-34,F,64,1539,0,0.0,1,0,0.0,,,,0.0,view_through,100.0,0.0,,
738307,936,109788,35-39,F,31,3010,1,0.860000014,1,1,0.0003322259136212625,0.860000014,0.860000014,1.0,1.0,click_through,100.0,100.0,116.2790678745268,11527.90678745268
738389,936,109808,40-44,F,10,27081,9,10.77000046,1,1,0.00033233632436025255,1.1966667177777779,10.77000046,0.1111111111111111,1.0,click_through,100.0,100.0,9.285050671204893,828.5050671204891
738408,936,109813,40-44,F,16,20233,4,5.590000153,3,0,0.00019769683190826867,1.39750003825,,0.75,0.0,click_through,100.0,0.0,0.0,-100.0
738413,936,109813,40-44,F,16,147159,36,58.16000044,3,1,0.00024463335575805763,1.6155555677777778,58.16000044,0.08333333333333333,0.3333333333333333,click_through,100.0,100.0,1.7193947600320891,71.93947600320892
738423,936,109816,40-44,F,18,21664,7,10.61999977,1,1,0.00032311669128508124,1.5171428242857143,10.61999977,0.14285714285714285,1.0,click_through,100.0,100.0,9.41619606080274,841.619606080274
738436,936,109820,40-44,F,19,9112,4,5.460000038,1,1,0.0004389815627743635,1.3650000095,5.460000038,0.25,1.0,click_through,100.0,100.0,18.315018187551154,1731.5018187551154
738463,936,109826,40-44,F,21,542,0,0.0,1,0,0.0,,,,0.0,view_through,100.0,0.0,,
738528,936,109839,40-44,F,30,402,0,0.0,1,1,0.0,,0.0,,1.0,view_through,100.0,100.0,,
738560,936,109844,40-44,F,64,1338,0,0.0,1,0,0.0,,,,0.0,view_through,100.0,0.0,,
738582,936,109848,45-49,F,10,46150,15,20.17999983,1,1,0.0003250270855904659,1.3453333219999999,20.17999983,0.06666666666666667,1.0,click_through,100.0,100.0,4.955401429257594,395.54014292575937
738592,936,109850,45-49,F,16,493821,116,176.3799977,4,1,0.0002349029304140569,1.520517221551724,176.3799977,0.034482758620689655,0.25,click_through,100.0,100.0,0.5669577123483543,-43.30422876516457
738593,936,109850,45-49,F,16,92011,27,34.39000046,2,1,0.00029344317527252176,1.273703720740741,34.39000046,0.07407407407407407,0.5,click_through,100.0,100.0,2.9078220023960997,190.78220023960995
738598,936,109851,45-49,F,18,12956,4,5.49000001,1,1,0.00030873726458783575,1.3725000025,5.49000001,0.25,1.0,click_through,100.0,100.0,18.214936214544743,1721.4936214544744
738606,936,109852,45-49,F,19,529,0,0.0,1,0,0.0,,,,0.0,view_through,100.0,0.0,,
738637,936,109857,45-49,F,24,944,1,1.419999957,1,0,0.001059322033898305,1.419999957,,1.0,0.0,click_through,100.0,0.0,0.0,-100.0
738648,936,109859,45-49,F,26,111090,38,51.97000027,5,1,0.0003420649923485462,1.3676315860526316,51.97000027,0.13157894736842105,0.2,click_through,100.0,100.0,1.9241870209826728,92.41870209826727
747212,936,110836,30-34,M,10,7208,2,3.190000057,1,0,0.0002774694783573807,1.5950000285,,0.5,0.0,click_through,100.0,0.0,0.0,-100.0
747213,936,110836,30-34,M,10,1746,0,0.0,1,0,0.0,,,,0.0,view_through,100.0,0.0,,
747220,936,110837,30-34,M,15,2474,0,0.0,2,2,0.0,,0.0,,1.0,view_through,100.0,200.0,,
747222,936,110838,30-34,M,16,12489,2,1.960000038,1,0,0.00016014092401313155,0.980000019,,0.5,0.0,click_through,100.0,0.0,0.0,-100.0
747223,936,110838,30-34,M,16,8032,1,0.600000024,2,0,0.0001245019920318725,0.600000024,,2.0,0.0,click_through,100.0,0.0,0.0,-100.0
747248,936,110842,30-34,M,21,472,0,0.0,1,1,0.0,,0.0,,1.0,view_through,100.0,100.0,,
747332,936,110856,30-34,M,64,792,0,0.0,1,1,0.0,,0.0,,1.0,view_through,100.0,100.0,,
747362,936,110861,35-39,M,15,4607,1,1.149999976,1,1,0.00021706099413935315,1.149999976,1.149999976,1.0,1.0,click_through,100.0,100.0,86.95652355387529,8595.652355387527
747369,936,110862,35-39,M,16,13355,2,3.180000067,1,1,0.00014975664545114188,1.5900000335,3.180000067,0.5,1.0,click_through,100.0,100.0,31.446540217950254,3044.6540217950255
747370,936,110862,35-39,M,16,2936,0,0.0,1,0,0.0,,,,0.0,view_through,100.0,0.0,,
747401,936,110867,35-39,M,22,2793,1,0.980000019,1,1,0.00035803795202291446,0.980000019,0.980000019,1.0,1.0,click_through,100.0,100.0,102.04081434818829,10104.081434818829
747435,936,110873,35-39,M,28,1032,0,0.0,1,0,0.0,,,,0.0,view_through,100.0,0.0,,
747439,936,110874,35-39,M,29,1662,0,0.0,1,1,0.0,,0.0,,1.0,view_through,100.0,100.0,,
747489,936,110882,40-44,M,2,4016,2,1.480000049,1,1,0.00049800796812749,0.7400000245,1.480000049,0.5,1.0,click_through,100.0,100.0,67.56756533053331,6656.756533053332
747514,936,110886,40-44,M,16,14843,3,2.939999938,1,1,0.0002021154753082261,0.9799999793333334,2.939999938,0.3333333333333333,1.0,click_through,100.0,100.0,34.013606159470605,3301.3606159470605
747645,936,110908,45-49,M,10,9674,3,4.600000024,1,1,0.0003101095720487906,1.5333333413333332,4.600000024,0.3333333333333333,1.0,click_through,100.0,100.0,21.73913032136106,2073.913032136106
747659,936,110910,45-49,M,16,12186,2,2.669999957,1,0,0.00016412276382734285,1.3349999785,,0.5,0.0,click_through,100.0,0.0,0.0,-100.0
747675,936,110913,45-49,M,20,673,0,0.0,1,0,0.0,,,,0.0,view_through,100.0,0.0,,
747678,936,110914,45-49,M,21,370,0,0.0,1,1,0.0,,0.0,,1.0,view_through,100.0,100.0,,
747712,936,110919,45-49,M,26,450,0,0.0,1,1,0.0,,0.0,,1.0,view_through,100.0,100.0,,
747790,936,110932,30-34,F,10,2077,0,0.0,1,1,0.0,,0.0,,1.0,view_through,100.0,100.0,,
747791,936,110932,30-34,F,10,31393,8,10.96000051,1,1,0.00025483388016436787,1.37000006375,10.96000051,0.125,1.0,click_through,100.0,100.0,9.124087166671126,812.4087166671126
747795,936,110933,30-34,F,15,8410,2,2.359999895,1,1,0.00023781212841854935,1.1799999475,2.359999895,0.5,1.0,click_through,100.0,100.0,42.37288324116641,4137.288324116641
747798,936,110934,30-34,F,16,25884,5,7.350000143,1,0,0.00019316952557564519,1.4700000286,,0.2,0.0,click_through,100.0,0.0,0.0,-100.0
747824,936,110938,30-34,F,21,608,0,0.0,1,1,0.0,,0.0,,1.0,view_through,100.0,100.0,,
747828,936,110939,30-34,F,22,28488,10,9.340000033,1,0,0.00035102499297950013,0.9340000033000001,,0.1,0.0,click_through,100.0,0.0,0.0,-100.0
747852,936,110943,30-34,F,26,10126,3,4.619999886,1,0,0.0002962670353545329,1.5399999619999998,,0.3333333333333333,0.0,click_through,100.0,0.0,0.0,-100.0
747859,936,110944,30-34,F,27,22572,5,8.5,1,0,0.00022151337940811626,1.7,,0.2,0.0,click_through,100.0,0.0,0.0,-100.0
747863,936,110944,30-34,F,27,1955,0,0.0,1,1,0.0,,0.0,,1.0,view_through,100.0,100.0,,
747879,936,110947,30-34,F,30,493,0,0.0,1,0,0.0,,,,0.0,view_through,100.0,0.0,,
747903,936,110951,30-34,F,63,1491,0,0.0,1,1,0.0,,0.0,,1.0,view_through,100.0,100.0,,
747911,936,110952,30-34,F,64,1495,0,0.0,1,1,0.0,,0.0,,1.0,view_through,100.0,100.0,,
747968,936,110962,35-39,F,21,512,0,0.0,0,0,0.0,,,,,view_through,100.0,0.0,,
747991,936,110966,35-39,F,25,4868,2,2.420000076,1,0,0.0004108463434675431,1.210000038,,0.5,0.0,click_through,100.0,0.0,0.0,-100.0
748000,936,110967,35-39,F,26,6585,2,2.950000048,1,0,0.00030372057706909645,1.475000024,,0.5,0.0,click_through,100.0,0.0,0.0,-100.0
748007,936,110968,35-39,F,27,10164,2,3.720000029,1,1,0.0001967729240456513,1.8600000145,3.720000029,0.5,1.0,click_through,100.0,100.0,26.88172022054573,2588.1720220545726
748014,936,110970,35-39,F,29,11182,4,4.449999809,1,0,0.0003577177606868181,1.11249995225,,0.25,0.0,click_through,100.0,0.0,0.0,-100.0
748045,936,110975,35-39,F,63,1238,0,0.0,1,0,0.0,,,,0.0,view_through,100.0,0.0,,
748086,936,110982,40-44,F,16,34127,8,13.07000017,1,0,0.00023441849561930435,1.63375002125,,0.125,0.0,click_through,100.0,0.0,0.0,-100.0
748087,936,110982,40-44,F,16,29466,7,10.84999967,2,0,0.0002375619357904025,1.5499999528571429,,0.2857142857142857,0.0,click_through,100.0,0.0,0.0,-100.0
748089,936,110982,40-44,F,16,38759,9,10.84999967,1,0,0.00023220413323357157,1.205555518888889,,0.1111111111111111,0.0,click_through,100.0,0.0,0.0,-100.0
748091,936,110982,40-44,F,16,41720,10,12.06000006,1,1,0.00023969319271332693,1.206000006,12.06000006,0.1,1.0,click_through,100.0,100.0,8.291873922262651,729.187392226265
748225,936,111005,45-49,F,15,18602,5,8.860000134,1,0,0.00026878830233308245,1.7720000268,,0.2,0.0,click_through,100.0,0.0,0.0,-100.0
748230,936,111006,45-49,F,16,83929,21,27.72999954,4,1,0.00025021148828176194,1.3204761685714286,27.72999954,0.19047619047619047,0.25,click_through,100.0,100.0,3.606202728411585,260.6202728411585
748231,936,111006,45-49,F,16,25194,6,7.349999905,1,0,0.00023815194093831864,1.2249999841666666,,0.16666666666666666,0.0,click_through,100.0,0.0,0.0,-100.0
748233,936,111006,45-49,F,16,78627,19,26.53000045,1,0,0.000241647271293576,1.3963158131578948,,0.05263157894736842,0.0,click_through,100.0,0.0,0.0,-100.0
748235,936,111006,45-49,F,16,102695,25,39.42999983,3,0,0.00024343931057987245,1.5771999932,,0.12,0.0,click_through,100.0,0.0,0.0,-100.0
748294,936,111016,45-49,F,27,82827,24,47.93000031,3,0,0.00028976058531638235,1.99708334625,,0.125,0.0,click_through,100.0,0.0,0.0,-100.0
748295,936,111016,45-49,F,27,9240,3,6.039999962,1,0,0.0003246753246753247,2.0133333206666664,,0.3333333333333333,0.0,click_through,100.0,0.0,0.0,-100.0
748303,936,111018,45-49,F,29,7706,2,2.369999886,1,0,0.0002595380223202699,1.184999943,,0.5,0.0,click_through,100.0,0.0,0.0,-100.0
748314,936,111020,45-49,F,31,7821,4,6.340000153,1,1,0.000511443549418233,1.58500003825,6.340000153,0.25,1.0,click_through,100.0,100.0,15.7728702818219,1477.28702818219
748341,936,111024,45-49,F,64,1363,0,0.0,1,1,0.0,,0.0,,1.0,view_through,100.0,100.0,,
776318,936,115484,45-49,F,15,3569,0,0.0,1,1,0.0,,0.0,,1.0,view_through,100.0,100.0,,
776322,936,115485,45-49,F,16,119063,34,53.21999949,1,0,0.0002855631052468021,1.5652941026470588,,0.029411764705882353,0.0,click_through,100.0,0.0,0.0,-100.0
776323,936,115485,45-49,F,16,99078,23,35.79999948,2,0,0.00023214033387835846,1.556521716521739,,0.08695652173913043,0.0,click_through,100.0,0.0,0.0,-100.0
776325,936,115485,45-49,F,16,452398,114,180.2200012,1,0,0.00025199050393679903,1.5808772035087721,,0.008771929824561403,0.0,click_through,100.0,0.0,0.0,-100.0
776334,936,115487,45-49,F,10,191223,48,76.41000056,1,0,0.00025101582968575954,1.5918750116666667,,0.020833333333333332,0.0,click_through,100.0,0.0,0.0,-100.0
776336,936,115487,45-49,F,10,22216,6,9.549999952,1,0,0.0002700756211739287,1.5916666586666668,,0.16666666666666666,0.0,click_through,100.0,0.0,0.0,-100.0
776338,936,115487,45-49,F,10,48291,11,18.01999998,1,0,0.00022778571576484232,1.6381818163636366,,0.09090909090909091,0.0,click_through,100.0,0.0,0.0,-100.0
776353,936,115490,40-44,F,63,27559,8,13.37,1,0,0.000290286294858304,1.67125,,0.125,0.0,click_through,100.0,0.0,0.0,-100.0
776373,936,115493,45-49,F,25,10194,4,4.590000033,2,1,0.00039238767902687857,1.14750000825,4.590000033,0.5,0.5,click_through,100.0,100.0,21.786492218092757,2078.649221809276
776383,936,115495,45-49,F,23,1168,0,0.0,1,1,0.0,,0.0,,1.0,view_through,100.0,100.0,,
776405,936,115498,45-49,F,21,40126,16,25.86000001,1,0,0.0003987439565369087,1.616250000625,,0.0625,0.0,click_through,100.0,0.0,0.0,-100.0
776416,936,115500,45-49,F,19,3659,1,0.49000001,1,1,0.00027329871549603714,0.49000001,0.49000001,1.0,1.0,click_through,100.0,100.0,204.08162848813004,20308.162848813005
776430,936,115503,30-34,M,10,3200,0,0.0,1,0,0.0,,,,0.0,view_through,100.0,0.0,,
776464,936,115508,45-49,F,29,7550,1,1.679999948,1,1,0.00013245033112582781,1.679999948,1.679999948,1.0,1.0,click_through,100.0,100.0,59.52381136621321,5852.38113662132
776469,936,115509,45-49,F,28,45397,15,25.41999936,1,1,0.0003304183095799282,1.694666624,25.41999936,0.06666666666666667,1.0,click_through,100.0,100.0,3.9339104058891685,293.3910405889169
776473,936,115510,30-34,M,16,23086,2,3.310000062,1,1,8.663259118080222e-05,1.655000031,3.310000062,0.5,1.0,click_through,100.0,100.0,30.211479796642976,2921.1479796642975
776475,936,115510,30-34,M,16,16425,1,1.549999952,1,0,6.0882800608828e-05,1.549999952,,1.0,0.0,click_through,100.0,0.0,0.0,-100.0
776476,936,115510,30-34,M,16,43756,5,5.439999938,0,0,0.00011427004296553616,1.0879999876,,0.0,,click_through,100.0,0.0,0.0,-100.0
776477,936,115510,30-34,M,16,9982,0,0.0,1,0,0.0,,,,0.0,view_through,100.0,0.0,,
776489,936,115512,45-49,F,26,175389,55,81.60999787,1,0,0.00031358865151178236,1.4838181430909092,,0.01818181818181818,0.0,click_through,100.0,0.0,0.0,-100.0
776494,936,115513,30-34,M,15,7015,0,0.0,1,0,0.0,,,,0.0,view_through,100.0,0.0,,
776515,936,115517,45-49,F,65,12706,3,4.98999989,1,1,0.00023610892491736187,1.6633332966666667,4.98999989,0.3333333333333333,1.0,click_through,100.0,100.0,20.040080602085943,1904.0080602085943
776519,936,115517,45-49,F,65,70702,20,31.7099998,1,0,0.00028287742920992336,1.58549999,,0.05,0.0,click_through,100.0,0.0,0.0,-100.0
776533,936,115520,45-49,F,63,63927,16,25.52000046,2,0,0.00025028548187776685,1.59500002875,,0.125,0.0,click_through,100.0,0.0,0.0,-100.0
776534,936,115520,45-49,F,63,15105,3,4.25999999,1,0,0.00019860973187686197,1.4199999966666665,,0.3333333333333333,0.0,click_through,100.0,0.0,0.0,-100.0
776538,936,115521,30-34,F,15,8774,1,1.830000043,1,0,0.00011397310234784591,1.830000043,,1.0,0.0,click_through,100.0,0.0,0.0,-100.0
776551,936,115523,30-34,F,16,14459,1,1.389999986,1,0,6.916107614634484e-05,1.389999986,,1.0,0.0,click_through,100.0,0.0,0.0,-100.0
776552,936,115523,30-34,F,16,21596,2,2.809999943,1,0,9.260974254491573e-05,1.4049999715,,0.5,0.0,click_through,100.0,0.0,0.0,-100.0
776553,936,115523,30-34,F,16,66765,8,11.04999971,1,0,0.00011982326069048154,1.38124996375,,0.125,0.0,click_through,100.0,0.0,0.0,-100.0
776563,936,115525,30-34,F,7,1369,0,0.0,1,1,0.0,,0.0,,1.0,view_through,100.0,100.0,,
776579,936,115527,30-34,F,10,26910,5,7.229999781,1,0,0.0001858045336306206,1.4459999562,,0.2,0.0,click_through,100.0,0.0,0.0,-100.0
776603,936,115531,30-34,F,2,506,0,0.0,1,0,0.0,,,,0.0,view_through,100.0,0.0,,
776615,936,115533,45-49,M,63,11988,3,4.269999862,1,0,0.00025025025025025025,1.4233332873333333,,0.3333333333333333,0.0,click_through,100.0,0.0,0.0,-100.0
776623,936,115535,45-49,M,64,19353,6,9.4799999,1,1,0.0003100294527980158,1.5799999833333331,9.4799999,0.16666666666666666,1.0,click_through,100.0,100.0,10.548523318022399,954.8523318022399
776631,936,115536,40-44,M,29,10960,2,2.890000105,1,0,0.0001824817518248175,1.4450000525,,0.5,0.0,click_through,100.0,0.0,0.0,-100.0
776643,936,115538,30-34,M,15,33491,6,10.56999969,2,1,0.00017915260816338719,1.761666615,10.56999969,0.3333333333333333,0.5,click_through,100.0,100.0,9.460738215026382,846.0738215026381
776644,936,115538,30-34,M,15,20083,2,3.200000048,2,1,9.958671513220136e-05,1.600000024,3.200000048,1.0,0.5,click_through,100.0,100.0,31.249999531250005,3024.9999531250005
776659,936,115541,30-34,M,16,8817,0,0.0,1,1,0.0,,0.0,,1.0,view_through,100.0,100.0,,
776661,936,115541,30-34,M,16,15466,1,0.970000029,1,0,6.46579593948015e-05,0.970000029,,1.0,0.0,click_through,100.0,0.0,0.0,-100.0
776662,936,115541,30-34,M,16,27072,3,4.370000005,1,0,0.00011081560283687943,1.4566666683333331,,0.3333333333333333,0.0,click_through,100.0,0.0,0.0,-100.0
776663,936,115541,30-34,M,16,15753,1,0.569999993,1,1,6.347997206881229e-05,0.569999993,0.569999993,1.0,1.0,click_through,100.0,100.0,175.43859864573716,17443.859864573715
776668,936,115542,40-44,M,19,3523,1,1.809999943,1,1,0.0002838489923360772,1.809999943,1.809999943,1.0,1.0,click_through,100.0,100.0,55.248620524404075,5424.862052440408
776685,936,115545,40-44,M,16,7745,0,0.0,1,0,0.0,,,,0.0,view_through,100.0,0.0,,
776686,936,115545,40-44,M,16,18709,2,3.319999933,1,0,0.00010690042225666791,1.6599999665,,0.5,0.0,click_through,100.0,0.0,0.0,-100.0
776687,936,115545,40-44,M,16,8022,0,0.0,2,1,0.0,,0.0,,0.5,view_through,100.0,100.0,,
776696,936,115547,30-34,M,10,7966,1,1.179999948,1,1,0.00012553351744915893,1.179999948,1.179999948,1.0,1.0,click_through,100.0,100.0,84.7457664464236,8374.57664464236
776697,936,115547,30-34,M,10,4132,0,0.0,1,1,0.0,,0.0,,1.0,view_through,100.0,100.0,,
776698,936,115547,30-34,M,10,12785,3,4.730000019,2,1,0.00023464998044583498,1.576666673,4.730000019,0.6666666666666666,0.5,click_through,100.0,100.0,21.14164896370162,2014.164896370162
776699,936,115547,30-34,M,10,8213,1,1.379999995,1,1,0.00012175818823815901,1.379999995,1.379999995,1.0,1.0,click_through,100.0,100.0,72.46376837849192,7146.376837849192
776722,936,115551,30-34,M,2,545,0,0.0,1,1,0.0,,0.0,,1.0,view_through,100.0,100.0,,
776725,936,115552,40-44,M,23,2479,1,1.25999999,1,0,0.0004033884630899556,1.25999999,,1.0,0.0,click_through,100.0,0.0,0.0,-100.0
776780,936,115561,40-44,M,2,3812,2,3.049999952,1,0,0.0005246589716684155,1.524999976,,0.5,0.0,click_through,100.0,0.0,0.0,-100.0
776793,936,115563,45-49,M,21,1609,0,0.0,1,0,0.0,,,,0.0,view_through,100.0,0.0,,
776799,936,115564,45-49,M,20,10257,3,3.579999924,1,1,0.0002924831822170225,1.193333308,3.579999924,0.3333333333333333,1.0,click_through,100.0,100.0,27.93296148684499,2693.2961486844993
776817,936,115567,40-44,M,10,12356,4,6.279999971,1,0,0.0003237293622531564,1.56999999275,,0.25,0.0,click_through,100.0,0.0,0.0,-100.0
776825,936,115568,45-49,M,18,7410,1,1.210000038,1,0,0.0001349527665317139,1.210000038,,1.0,0.0,click_through,100.0,0.0,0.0,-100.0
776829,936,115569,45-49,M,16,140098,28,46.63000011,1,0,0.000199860097931448,1.6653571467857142,,0.03571428571428571,0.0,click_through,100.0,0.0,0.0,-100.0
776831,936,115569,45-49,M,16,107021,20,34.44000012,1,0,0.00018687921062221434,1.722000006,,0.05,0.0,click_through,100.0,0.0,0.0,-100.0
776840,936,115571,35-39,M,36,2797,1,1.289999962,1,0,0.0003575259206292456,1.289999962,,1.0,0.0,click_through,100.0,0.0,0.0,-100.0
776861,936,115574,45-49,M,7,16461,6,9.21999979,1,0,0.00036449790413705123,1.5366666316666666,,0.16666666666666666,0.0,click_through,100.0,0.0,0.0,-100.0
776892,936,115580,40-44,M,63,17488,5,7.719999909,1,0,0.0002859103385178408,1.5439999818,,0.2,0.0,click_through,100.0,0.0,0.0,-100.0
776928,936,115586,35-39,M,10,9750,2,1.5,1,1,0.00020512820512820512,0.75,1.5,0.5,1.0,click_through,100.0,100.0,66.66666666666667,6566.666666666667
776935,936,115587,45-49,M,36,1136,0,0.0,1,1,0.0,,0.0,,1.0,view_through,100.0,100.0,,
777105,936,115615,45-49,M,63,4333,1,0.180000007,1,1,0.00023078698361412417,0.180000007,0.180000007,1.0,1.0,click_through,100.0,100.0,555.5555339506182,55455.55339506181
777130,936,115619,35-39,M,16,6260,0,0.0,1,0,0.0,,,,0.0,view_through,100.0,0.0,,
777131,936,115619,35-39,M,16,6359,0,0.0,1,0,0.0,,,,0.0,view_through,100.0,0.0,,
777166,936,115625,30-34,M,63,2383,0,0.0,1,1,0.0,,0.0,,1.0,view_through,100.0,100.0,,
777187,936,115629,40-44,M,27,11292,3,5.389999866,1,1,0.00026567481402763017,1.796666622,5.389999866,0.3333333333333333,1.0,click_through,100.0,100.0,18.552876156973173,1755.2876156973173
777198,936,115631,30-34,M,64,12729,4,5.779999852,1,0,0.000314243067012334,1.444999963,,0.25,0.0,click_through,100.0,0.0,0.0,-100.0
777200,936,115631,30-34,M,64,1898,0,0.0,1,1,0.0,,0.0,,1.0,view_through,100.0,100.0,,
777201,936,115631,30-34,M,64,1882,0,0.0,1,1,0.0,,0.0,,1.0,view_through,100.0,100.0,,
777235,936,115637,30-34,M,65,2883,1,0.99000001,1,1,0.000346860908775581,0.99000001,0.99000001,1.0,1.0,click_through,100.0,100.0,101.01009998979697,10001.009998979696
777248,936,115639,30-34,F,7,3989,1,1.279999971,1,0,0.000250689395838556,1.279999971,,1.0,0.0,click_through,100.0,0.0,0.0,-100.0
777261,936,115641,40-44,M,29,19603,4,5.279999971,1,1,0.00020405040044891087,1.31999999275,5.279999971,0.25,1.0,click_through,100.0,100.0,18.939394043417128,1793.9394043417128
777382,936,115675,40-44,M,24,3047,1,1.379999995,1,0,0.0003281916639317361,1.379999995,,1.0,0.0,click_through,100.0,0.0,0.0,-100.0
777398,936,115677,35-39,M,24,3029,1,1.049999952,1,1,0.0003301419610432486,1.049999952,1.049999952,1.0,1.0,click_through,100.0,100.0,95.23809959183693,9423.809959183693
777410,936,115679,45-49,M,26,3490,1,1.340000033,1,1,0.00028653295128939826,1.340000033,1.340000033,1.0,1.0,click_through,100.0,100.0,74.62686383381605,7362.686383381604
777482,936,115691,45-49,M,28,2479,0,0.0,1,0,0.0,,,,0.0,view_through,100.0,0.0,,
777495,936,115693,40-44,M,19,19581,7,10.42999983,2,0,0.000357489402992697,1.4899999757142857,,0.2857142857142857,0.0,click_through,100.0,0.0,0.0,-100.0
777519,936,115697,45-49,M,29,19537,5,6.099999905,1,0,0.00025592465578133796,1.219999981,,0.2,0.0,click_through,100.0,0.0,0.0,-100.0
777625,936,115715,45-49,M,16,59433,12,19.65999949,3,0,0.00020190803089192874,1.6383332908333335,,0.25,0.0,click_through,100.0,0.0,0.0,-100.0
777627,936,115715,45-49,M,16,157534,33,56.19000077,2,0,0.00020947858874909543,1.702727296060606,,0.06060606060606061,0.0,click_through,100.0,0.0,0.0,-100.0
777638,936,115717,40-44,M,7,1781,0,0.0,1,1,0.0,,0.0,,1.0,view_through,100.0,100.0,,
777670,936,115723,40-44,M,16,23769,4,6.029999852,1,0,0.00016828642349278473,1.507499963,,0.25,0.0,click_through,100.0,0.0,0.0,-100.0
777673,936,115723,40-44,M,16,7101,0,0.0,1,0,0.0,,,,0.0,view_through,100.0,0.0,,
777742,936,115735,35-39,M,64,4726,1,1.830000043,1,1,0.00021159542953872197,1.830000043,1.830000043,1.0,1.0,click_through,100.0,100.0,54.644807459165726,5364.480745916572
777758,936,115737,30-34,M,19,5209,1,0.959999979,2,0,0.0001919754271453254,0.959999979,,2.0,0.0,click_through,100.0,0.0,0.0,-100.0
777794,936,115743,30-34,M,18,13473,3,2.619999945,3,0,0.00022266755733689602,0.873333315,,1.0,0.0,click_through,100.0,0.0,0.0,-100.0
777816,936,115747,40-44,M,2,500,0,0.0,1,1,0.0,,0.0,,1.0,view_through,100.0,100.0,,
777871,936,115756,30-34,M,20,4616,1,1.360000014,1,0,0.0002166377816291161,1.360000014,,1.0,0.0,click_through,100.0,0.0,0.0,-100.0
777904,936,115762,30-34,M,31,3279,0,0.0,1,0,0.0,,,,0.0,view_through,100.0,0.0,,
777905,936,115762,30-34,M,31,3288,0,0.0,1,0,0.0,,,,0.0,view_through,100.0,0.0,,
778037,936,115784,35-39,M,27,14615,4,6.050000191,1,0,0.00027369141293191924,1.51250004775,,0.25,0.0,click_through,100.0,0.0,0.0,-100.0
778048,936,115786,30-34,M,27,56615,12,19.88000035,2,0,0.00021195796167093527,1.6566666958333334,,0.16666666666666666,0.0,click_through,100.0,0.0,0.0,-100.0
778085,936,115792,30-34,M,26,11735,3,4.529999971,1,1,0.00025564550489987217,1.5099999903333332,4.529999971,0.3333333333333333,1.0,click_through,100.0,100.0,22.07505532895731,2107.505532895731
778087,936,115792,30-34,M,26,15910,5,6.779999852,1,0,0.00031426775612822125,1.3559999704,,0.2,0.0,click_through,100.0,0.0,0.0,-100.0
778112,936,115796,35-39,M,29,11446,2,3.090000033,1,1,0.00017473353136466887,1.5450000165,3.090000033,0.5,1.0,click_through,100.0,100.0,32.36245920130707,3136.245920130707
778113,936,115796,35-39,M,29,4595,0,0.0,1,0,0.0,,,,0.0,view_through,100.0,0.0,,
778124,936,115798,30-34,M,29,4871,0,0.0,1,0,0.0,,,,0.0,view_through,100.0,0.0,,
778148,936,115802,35-39,M,28,3199,0,0.0,1,0,0.0,,,,0.0,view_through,100.0,0.0,,
778156,936,115804,30-34,M,28,9388,2,3.140000105,1,0,0.00021303792074989347,1.5700000525,,0.5,0.0,click_through,100.0,0.0,0.0,-100.0
778161,936,115804,30-34,M,28,17954,6,7.5400002,2,1,0.0003341873677175003,1.2566667,7.5400002,0.3333333333333333,0.5,click_through,100.0,100.0,13.262599117702942,1226.2599117702941
778208,936,115812,40-44,F,29,2755,0,0.0,1,0,0.0,,,,0.0,view_through,100.0,0.0,,
778264,936,115822,40-44,F,27,8152,1,0.99000001,1,0,0.0001226692836113837,0.99000001,,1.0,0.0,click_through,100.0,0.0,0.0,-100.0
778266,936,115822,40-44,F,27,74542,19,34.1500001,1,0,0.00025488986074964447,1.7973684263157894,,0.05263157894736842,0.0,click_through,100.0,0.0,0.0,-100.0
778421,936,115848,40-44,F,20,6699,2,3.090000033,1,0,0.0002985520226899537,1.5450000165,,0.5,0.0,click_through,100.0,0.0,0.0,-100.0
778422,936,115848,40-44,F,20,11911,4,3.959999919,1,0,0.00033582402820921836,0.98999997975,,0.25,0.0,click_through,100.0,0.0,0.0,-100.0
778461,936,115854,40-44,M,29,10090,2,2.650000095,1,1,0.00019821605550049553,1.3250000475,2.650000095,0.5,1.0,click_through,100.0,100.0,37.73584770380923,3673.5847703809236
778471,936,115856,30-34,M,32,1273,0,0.0,1,1,0.0,,0.0,,1.0,view_through,100.0,100.0,,
778483,936,115858,40-44,F,18,24188,5,8.179999828,1,0,0.00020671407309409625,1.6359999656,,0.2,0.0,click_through,100.0,0.0,0.0,-100.0
778529,936,115866,30-34,M,31,2214,0,0.0,1,0,0.0,,,,0.0,view_through,100.0,0.0,,
778556,936,115870,40-44,M,32,9735,4,4.130000114,1,1,0.00041088854648176684,1.0325000285,4.130000114,0.25,1.0,click_through,100.0,100.0,24.21307439218148,2321.307439218148
778590,936,115876,30-34,M,30,1371,0,0.0,1,1,0.0,,0.0,,1.0,view_through,100.0,100.0,,
778600,936,115878,40-44,F,22,10750,4,5.389999866,1,0,0.00037209302325581393,1.3474999665,,0.25,0.0,click_through,100.0,0.0,0.0,-100.0
778626,936,115882,30-34,M,29,7629,1,0.720000029,1,1,0.00013107877834578582,0.720000029,0.720000029,1.0,1.0,click_through,100.0,100.0,138.8888832947533,13788.88832947533
778628,936,115882,30-34,M,29,4608,0,0.0,1,0,0.0,,,,0.0,view_through,100.0,0.0,,
778674,936,115890,35-39,M,29,3732,0,0.0,1,0,0.0,,,,0.0,view_through,100.0,0.0,,
778689,936,115892,30-34,M,28,7453,1,1.679999948,1,1,0.0001341741580571582,1.679999948,1.679999948,1.0,1.0,click_through,100.0,100.0,59.52381136621321,5852.38113662132
778722,936,115898,35-39,F,64,41785,14,19.10000038,1,0,0.0003350484623668781,1.3642857414285714,,0.07142857142857142,0.0,click_through,100.0,0.0,0.0,-100.0
778737,936,115900,35-39,M,27,8077,2,3.579999924,1,1,0.0002476166893648632,1.789999962,3.579999924,0.5,1.0,click_through,100.0,100.0,27.93296148684499,2693.2961486844993
778756,936,115904,35-39,F,63,5602,1,1.580000043,1,0,0.0001785076758300607,1.580000043,,1.0,0.0,click_through,100.0,0.0,0.0,-100.0
778804,936,115912,30-34,M,26,6184,2,2.75,1,1,0.0003234152652005175,1.375,2.75,0.5,1.0,click_through,100.0,100.0,36.36363636363637,3536.3636363636365
778808,936,115912,30-34,M,26,1738,0,0.0,1,0,0.0,,,,0.0,view_through,100.0,0.0,,
778964,936,115938,35-39,F,27,112460,25,41.29000068,1,0,0.00022230126267117198,1.6516000272,,0.04,0.0,click_through,100.0,0.0,0.0,-100.0
779057,936,115954,40-44,M,15,4414,0,0.0,1,0,0.0,,,,0.0,view_through,100.0,0.0,,
779106,936,115962,35-39,F,30,14670,7,9.410000324,1,0,0.00047716428084526244,1.3442857605714287,,0.14285714285714285,0.0,click_through,100.0,0.0,0.0,-100.0
779438,936,116031,30-34,F,64,33144,9,13.40999985,1,0,0.0002715423606082549,1.4899999833333333,,0.1111111111111111,0.0,click_through,100.0,0.0,0.0,-100.0
779453,936,116033,45-49,M,64,4397,1,0.949999988,1,0,0.00022742779167614282,0.949999988,,1.0,0.0,click_through,100.0,0.0,0.0,-100.0
779488,936,116039,45-49,M,65,1006,0,0.0,1,0,0.0,,,,0.0,view_through,100.0,0.0,,
779573,936,116053,35-39,F,10,89527,24,32.28999996,1,0,0.0002680755526265819,1.3454166650000001,,0.041666666666666664,0.0,click_through,100.0,0.0,0.0,-100.0
779608,936,116059,35-39,F,15,2459,0,0.0,1,0,0.0,,,,0.0,view_through,100.0,0.0,,
779609,936,116059,35-39,F,15,7116,2,1.730000019,1,1,0.0002810567734682406,0.8650000095,1.730000019,0.5,1.0,click_through,100.0,100.0,57.80346757325672,5680.346757325671
779622,936,116061,30-34,F,15,8613,1,0.889999986,2,0,0.00011610356437942645,0.889999986,,2.0,0.0,click_through,100.0,0.0,0.0,-100.0
779631,936,116063,35-39,F,16,9730,1,1.379999995,1,0,0.00010277492291880781,1.379999995,,1.0,0.0,click_through,100.0,0.0,0.0,-100.0
779644,936,116065,30-34,F,16,51816,8,10.2299999,2,1,0.0001543924656476764,1.2787499875,10.2299999,0.25,0.5,click_through,100.0,100.0,9.775171161047616,877.5171161047618
779645,936,116065,30-34,F,16,27289,3,4.429999828,1,0,0.00010993440580453663,1.4766666093333332,,0.3333333333333333,0.0,click_through,100.0,0.0,0.0,-100.0
779715,936,116077,30-34,F,29,20409,4,3.829999924,1,0,0.0001959919643294625,0.957499981,,0.25,0.0,click_through,100.0,0.0,0.0,-100.0
779716,936,116077,30-34,F,29,8044,1,1.110000014,1,0,0.00012431626056688214,1.110000014,,1.0,0.0,click_through,100.0,0.0,0.0,-100.0
779738,936,116081,30-34,F,28,15645,4,5.349999905,1,0,0.0002556727388942154,1.33749997625,,0.25,0.0,click_through,100.0,0.0,0.0,-100.0
779778,936,116087,30-34,F,31,2466,0,0.0,2,2,0.0,,0.0,,1.0,view_through,100.0,200.0,,
779789,936,116089,45-49,M,10,11611,3,3.950000048,1,1,0.00025837567823615537,1.3166666826666666,3.950000048,0.3333333333333333,1.0,click_through,100.0,100.0,25.31645538855953,2431.6455388559525
779824,936,116095,45-49,M,7,9375,3,4.019999981,1,0,0.00032,1.3399999936666667,,0.3333333333333333,0.0,click_through,100.0,0.0,0.0,-100.0
779871,936,116103,30-34,F,32,4402,1,1.330000043,1,1,0.00022716946842344388,1.330000043,1.330000043,1.0,1.0,click_through,100.0,100.0,75.18796749392286,7418.796749392285
779918,936,116111,30-34,F,18,8469,2,3.089999914,1,0,0.0002361553902467824,1.544999957,,0.5,0.0,click_through,100.0,0.0,0.0,-100.0
779922,936,116111,30-34,F,18,5823,1,1.419999957,1,1,0.0001717327837884252,1.419999957,1.419999957,1.0,1.0,click_through,100.0,100.0,70.42253734378106,6942.253734378106
779944,936,116115,35-39,M,10,2549,0,0.0,1,0,0.0,,,,0.0,view_through,100.0,0.0,,
779979,936,116121,35-39,M,16,25817,4,6.019999981,1,0,0.00015493666963628617,1.50499999525,,0.25,0.0,click_through,100.0,0.0,0.0,-100.0
779995,936,116123,30-34,F,20,1961,0,0.0,1,0,0.0,,,,0.0,view_through,100.0,0.0,,
780064,936,116135,30-34,F,22,2554,0,0.0,1,0,0.0,,,,0.0,view_through,100.0,0.0,,
780104,936,116147,30-34,F,25,4971,1,1.230000019,1,1,0.0002011667672500503,1.230000019,1.230000019,1.0,1.0,click_through,100.0,100.0,81.30081175226388,8030.081175226388
780199,936,116163,35-39,F,23,1030,0,0.0,1,1,0.0,,0.0,,1.0,view_through,100.0,100.0,,
780318,936,116183,45-49,F,29,162341,56,77.07999969,3,0,0.00034495290776821627,1.376428565892857,,0.05357142857142857,0.0,click_through,100.0,0.0,0.0,-100.0
780323,936,116183,45-49,F,29,24542,7,9.329999924,1,0,0.0002852253280091272,1.3328571319999998,,0.14285714285714285,0.0,click_through,100.0,0.0,0.0,-100.0
780486,936,116216,30-34,F,65,2879,0,0.0,1,1,0.0,,0.0,,1.0,view_through,100.0,100.0,,
780498,936,116218,30-34,F,64,13621,3,4.090000033,1,0,0.0002202481462447691,1.3633333443333333,,0.3333333333333333,0.0,click_through,100.0,0.0,0.0,-100.0
780511,936,116220,30-34,F,63,6175,1,1.370000005,2,1,0.00016194331983805668,1.370000005,1.370000005,2.0,0.5,click_through,100.0,100.0,72.99270046353028,7199.270046353028
780629,936,116240,30-34,F,28,2963,0,0.0,1,0,0.0,,,,0.0,view_through,100.0,0.0,,
780653,936,116244,30-34,F,29,9076,1,1.379999995,1,1,0.00011018069634200089,1.379999995,1.379999995,1.0,1.0,click_through,100.0,100.0,72.46376837849192,7146.376837849192
780655,936,116244,30-34,F,29,20941,4,5.909999967,1,1,0.00019101284561386754,1.47749999175,5.909999967,0.25,1.0,click_through,100.0,100.0,16.920473867745454,1592.0473867745454
780666,936,116246,45-49,F,10,3462,0,0.0,1,0,0.0,,,,0.0,view_through,100.0,0.0,,
780681,936,116248,30-34,F,26,4073,0,0.0,1,1,0.0,,0.0,,1.0,view_through,100.0,100.0,,
780700,936,116252,30-34,F,27,3745,0,0.0,1,0,0.0,,,,0.0,view_through,100.0,0.0,,
780748,936,116265,30-34,F,24,830,0,0.0,1,0,0.0,,,,0.0,view_through,100.0,0.0,,
780759,936,116267,45-49,F,18,2912,0,0.0,1,0,0.0,,,,0.0,view_through,100.0,0.0,,
780760,936,116267,45-49,F,18,17167,5,6.910000086,1,0,0.00029125648045669016,1.3820000172,,0.2,0.0,click_through,100.0,0.0,0.0,-100.0
780797,936,116273,30-34,F,22,24491,7,9.539999962,1,0,0.00028581928055203954,1.3628571374285714,,0.14285714285714285,0.0,click_through,100.0,0.0,0.0,-100.0
780799,936,116273,30-34,F,22,44699,13,17.30000037,2,0,0.00029083424685115997,1.3307692592307692,,0.15384615384615385,0.0,click_through,100.0,0.0,0.0,-100.0
780821,936,116277,30-34,F,23,6469,2,1.309999943,1,0,0.0003091667954861648,0.6549999715,,0.5,0.0,click_through,100.0,0.0,0.0,-100.0
780830,936,116279,45-49,F,16,16053,3,4.079999924,1,1,0.00018688095683049897,1.3599999746666667,4.079999924,0.3333333333333333,1.0,click_through,100.0,100.0,24.509804378123807,2350.980437812381
780835,936,116279,45-49,F,16,54724,12,17.92999995,1,1,0.0002192822162122652,1.4941666624999999,17.92999995,0.08333333333333333,1.0,click_through,100.0,100.0,5.577244856601352,457.72448566013526
780867,936,116285,30-34,F,21,4706,1,1.220000029,1,0,0.00021249468763280918,1.220000029,,1.0,0.0,click_through,100.0,0.0,0.0,-100.0
780974,936,116303,40-44,F,32,8316,3,4.569999933,1,1,0.00036075036075036075,1.523333311,4.569999933,0.3333333333333333,1.0,click_through,100.0,100.0,21.881838395204195,2088.1838395204195
781066,936,116323,40-44,F,22,5794,2,2.269999981,1,0,0.00034518467380048324,1.1349999905,,0.5,0.0,click_through,100.0,0.0,0.0,-100.0
781114,936,116331,40-44,F,18,4813,1,1.029999971,1,0,0.00020777062123415748,1.029999971,,1.0,0.0,click_through,100.0,0.0,0.0,-100.0
781159,936,116339,40-44,F,10,85285,26,36.13000035,1,0,0.00030486017470833087,1.3896153980769232,,0.038461538461538464,0.0,click_through,100.0,0.0,0.0,-100.0
781162,936,116339,40-44,F,10,5839,1,1.370000005,1,0,0.00017126220243192326,1.370000005,,1.0,0.0,click_through,100.0,0.0,0.0,-100.0
781175,936,116341,40-44,F,15,5859,1,1.539999962,1,0,0.00017067759003242875,1.539999962,,1.0,0.0,click_through,100.0,0.0,0.0,-100.0
781187,936,116343,40-44,F,16,164118,41,59.06999993,1,0,0.00024982025128261374,1.4407317056097562,,0.024390243902439025,0.0,click_through,100.0,0.0,0.0,-100.0
781195,936,116345,35-39,F,63,18234,6,7.810000062,1,0,0.0003290556103981573,1.301666677,,0.16666666666666666,0.0,click_through,100.0,0.0,0.0,-100.0
781207,936,116347,35-39,F,64,2755,0,0.0,1,0,0.0,,,,0.0,view_through,100.0,0.0,,
781303,936,116363,35-39,F,27,73676,20,28.5,1,0,0.00027145881969705196,1.425,,0.05,0.0,click_through,100.0,0.0,0.0,-100.0
781305,936,116363,35-39,F,27,18421,7,10.07999992,1,0,0.00038000108571738776,1.4399999885714287,,0.14285714285714285,0.0,click_through,100.0,0.0,0.0,-100.0
781327,936,116367,35-39,F,29,164754,49,67.97999978,2,1,0.0002974131128834505,1.3873469342857143,67.97999978,0.04081632653061224,0.5,click_through,100.0,100.0,1.471020893257202,47.10208932572021
781353,936,116371,35-39,F,10,7449,1,1.639999986,1,1,0.00013424620754463686,1.639999986,1.639999986,1.0,1.0,click_through,100.0,100.0,60.97561027662106,5997.5610276621055
781354,936,116371,35-39,F,10,6424,1,0.529999971,1,0,0.00015566625155666251,0.529999971,,1.0,0.0,click_through,100.0,0.0,0.0,-100.0
781438,936,116385,30-34,M,63,2086,0,0.0,1,0,0.0,,,,0.0,view_through,100.0,0.0,,
781470,936,116391,35-39,M,16,6016,0,0.0,1,0,0.0,,,,0.0,view_through,100.0,0.0,,
781499,936,116395,35-39,M,15,6412,1,1.370000005,1,0,0.00015595757953836556,1.370000005,,1.0,0.0,click_through,100.0,0.0,0.0,-100.0
781508,936,116397,30-34,F,63,5040,1,1.440000057,1,0,0.0001984126984126984,1.440000057,,1.0,0.0,click_through,100.0,0.0,0.0,-100.0
781556,936,116405,30-34,F,32,1772,0,0.0,1,0,0.0,,,,0.0,view_through,100.0,0.0,,
781559,936,116405,30-34,F,32,1783,0,0.0,1,0,0.0,,,,0.0,view_through,100.0,0.0,,
781606,936,116413,35-39,M,20,8200,3,3.919999957,1,0,0.00036585365853658537,1.3066666523333332,,0.3333333333333333,0.0,click_through,100.0,0.0,0.0,-100.0
781690,936,116427,45-49,F,26,115896,38,49.44000006,1,0,0.00032788016842686546,1.3010526331578949,,0.02631578947368421,0.0,click_through,100.0,0.0,0.0,-100.0
781811,936,116447,35-39,F,16,10186,1,1.230000019,1,1,9.817396426467701e-05,1.230000019,1.230000019,1.0,1.0,click_through,100.0,100.0,81.30081175226388,8030.081175226388
781857,936,116455,30-34,M,20,9134,3,4.180000067,2,0,0.00032844317932997593,1.3933333556666667,,0.6666666666666666,0.0,click_through,100.0,0.0,0.0,-100.0
781858,936,116455,30-34,M,20,3385,1,1.440000057,1,1,0.0002954209748892171,1.440000057,1.440000057,1.0,1.0,click_through,100.0,100.0,69.44444169560197,6844.444169560195
781907,936,116463,45-49,F,21,1314,0,0.0,1,0,0.0,,,,0.0,view_through,100.0,0.0,,
781928,936,116467,30-34,M,18,2916,0,0.0,1,1,0.0,,0.0,,1.0,view_through,100.0,100.0,,
781929,936,116467,30-34,M,18,6142,1,1.330000043,1,0,0.00016281341582546403,1.330000043,,1.0,0.0,click_through,100.0,0.0,0.0,-100.0
781950,936,116471,30-34,F,20,1984,0,0.0,1,0,0.0,,,,0.0,view_through,100.0,0.0,,
781999,936,116479,30-34,M,24,9142,3,3.749999881,1,0,0.00032815576460293154,1.2499999603333334,,0.3333333333333333,0.0,click_through,100.0,0.0,0.0,-100.0
782001,936,116479,30-34,M,24,5475,2,2.730000019,1,1,0.00036529680365296805,1.3650000095,2.730000019,0.5,1.0,click_through,100.0,100.0,36.63003637510231,3563.003637510231
782022,936,116483,30-34,F,18,8254,2,2.320000052,1,1,0.000242306760358614,1.160000026,2.320000052,0.5,1.0,click_through,100.0,100.0,43.103447309750315,4210.344730975032
782026,936,116483,30-34,F,18,5704,1,1.320000052,1,0,0.0001753155680224404,1.320000052,,1.0,0.0,click_through,100.0,0.0,0.0,-100.0
782130,936,116501,30-34,F,16,7301,0,0.0,1,0,0.0,,,,0.0,view_through,100.0,0.0,,
782134,936,116501,30-34,F,16,37873,5,6.169999957,1,1,0.00013202017268238586,1.2339999914,6.169999957,0.2,1.0,click_through,100.0,100.0,16.207455542450663,1520.7455542450662
782135,936,116501,30-34,F,16,25267,4,4.940000057,2,1,0.0001583092571338109,1.23500001425,4.940000057,0.5,0.5,click_through,100.0,100.0,20.242914746184994,1924.291474618499
782171,936,116507,30-34,F,30,535,0,0.0,1,0,0.0,,,,0.0,view_through,100.0,0.0,,
782180,936,116509,30-34,M,29,3396,0,0.0,1,0,0.0,,,,0.0,view_through,100.0,0.0,,
782219,936,116515,30-34,M,26,977,0,0.0,1,0,0.0,,,,0.0,view_through,100.0,0.0,,
782228,936,116517,40-44,F,63,12318,5,6.340000153,1,1,0.00040591005033284623,1.2680000306,6.340000153,0.2,1.0,click_through,100.0,100.0,15.7728702818219,1477.28702818219
782242,936,116519,30-34,F,28,4783,1,0.860000014,1,0,0.0002090738030524775,0.860000014,,1.0,0.0,click_through,100.0,0.0,0.0,-100.0
782275,936,116525,30-34,F,29,6475,1,1.350000024,1,0,0.00015444015444015445,1.350000024,,1.0,0.0,click_through,100.0,0.0,0.0,-100.0
782337,936,116535,45-49,F,16,104578,29,39.25000095,1,1,0.00027730497810246895,1.3534483086206897,39.25000095,0.034482758620689655,1.0,click_through,100.0,100.0,2.5477706389711563,154.77706389711565
782407,936,116547,45-49,F,10,33664,11,12.51000035,1,0,0.0003267585551330798,1.137272759090909,,0.09090909090909091,0.0,click_through,100.0,0.0,0.0,-100.0
782443,936,116553,40-44,F,20,979,0,0.0,1,0,0.0,,,,0.0,view_through,100.0,0.0,,
782541,936,116569,40-44,F,28,7337,3,4.079999924,1,0,0.0004088864658579801,1.3599999746666667,,0.3333333333333333,0.0,click_through,100.0,0.0,0.0,-100.0
782587,936,116577,30-34,M,10,2499,0,0.0,1,0,0.0,,,,0.0,view_through,100.0,0.0,,
782647,936,116587,40-44,F,27,11244,3,4.550000191,1,0,0.00026680896478121667,1.5166667303333332,,0.3333333333333333,0.0,click_through,100.0,0.0,0.0,-100.0
782658,936,116589,30-34,M,15,4827,0,0.0,1,0,0.0,,,,0.0,view_through,100.0,0.0,,
782694,936,116595,35-39,F,29,29035,7,8.910000086,2,2,0.00024108834165662132,1.2728571551428571,4.455000043,0.2857142857142857,1.0,click_through,100.0,200.0,22.446688896698625,2144.6688896698624
782706,936,116597,35-39,F,30,761,0,0.0,1,0,0.0,,,,0.0,view_through,100.0,0.0,,
782754,936,116605,35-39,F,26,6532,1,1.610000014,1,0,0.00015309246785058175,1.610000014,,1.0,0.0,click_through,100.0,0.0,0.0,-100.0
782815,936,116615,40-44,F,10,11537,3,4.300000191,1,0,0.00026003293750541737,1.433333397,,0.3333333333333333,0.0,click_through,100.0,0.0,0.0,-100.0
782816,936,116615,40-44,F,10,12183,3,2.869999945,1,0,0.0002462447672986949,0.9566666483333334,,0.3333333333333333,0.0,click_through,100.0,0.0,0.0,-100.0
782862,936,116623,35-39,F,64,5912,1,1.559999943,1,1,0.00016914749661705008,1.559999943,1.559999943,1.0,1.0,click_through,100.0,100.0,64.10256644477326,6310.2566444773265
950068,936,123438,30-34,M,10,4012,1,1.570000052,1,0,0.0002492522432701894,1.570000052,,1.0,0.0,click_through,100.0,0.0,0.0,-100.0
950078,936,123440,30-34,M,16,12396,2,3.210000038,2,1,0.00016134236850596966,1.605000019,3.210000038,1.0,0.5,click_through,100.0,100.0,31.152647606292646,3015.2647606292644
950079,936,123440,30-34,M,16,3142,0,0.0,2,2,0.0,,0.0,,1.0,view_through,100.0,200.0,,
950099,936,123443,30-34,M,18,1120,0,0.0,1,0,0.0,,,,0.0,view_through,100.0,0.0,,
950109,936,123445,30-34,M,20,343,0,0.0,1,1,0.0,,0.0,,1.0,view_through,100.0,100.0,,
950170,936,123455,30-34,M,15,1720,0,0.0,1,1,0.0,,0.0,,1.0,view_through,100.0,100.0,,
950179,936,123457,30-34,M,16,3423,0,0.0,1,1,0.0,,0.0,,1.0,view_through,100.0,100.0,,
950182,936,123457,30-34,M,16,3242,0,0.0,1,0,0.0,,,,0.0,view_through,100.0,0.0,,
950183,936,123457,30-34,M,16,15720,1,1.379999995,1,0,6.361323155216285e-05,1.379999995,,1.0,0.0,click_through,100.0,0.0,0.0,-100.0
950200,936,123460,30-34,M,10,1217,0,0.0,1,1,0.0,,0.0,,1.0,view_through,100.0,100.0,,
950224,936,123464,40-44,M,20,2367,2,2.839999914,1,1,0.0008449514152936206,1.419999957,2.839999914,0.5,1.0,click_through,100.0,100.0,35.21126867189053,3421.126867189053
950326,936,123481,35-39,M,16,6607,1,1.320000052,2,0,0.00015135462388375965,1.320000052,,2.0,0.0,click_through,100.0,0.0,0.0,-100.0
950345,936,123484,30-34,M,64,616,0,0.0,1,0,0.0,,,,0.0,view_through,100.0,0.0,,
950452,936,123502,45-49,M,16,5537,1,1.519999981,1,0,0.00018060321473722233,1.519999981,,1.0,0.0,click_through,100.0,0.0,0.0,-100.0
950463,936,123504,45-49,M,15,818,0,0.0,1,0,0.0,,,,0.0,view_through,100.0,0.0,,
950495,936,123509,45-49,M,21,1909,1,0.980000019,1,0,0.0005238344683080147,0.980000019,,1.0,0.0,click_through,100.0,0.0,0.0,-100.0
950521,936,123514,30-34,M,21,351,0,0.0,1,0,0.0,,,,0.0,view_through,100.0,0.0,,
950531,936,123515,45-49,M,22,572,0,0.0,1,0,0.0,,,,0.0,view_through,100.0,0.0,,
950537,936,123516,40-44,M,36,1884,1,1.409999967,1,0,0.0005307855626326964,1.409999967,,1.0,0.0,click_through,100.0,0.0,0.0,-100.0
950550,936,123519,30-34,M,30,219,0,0.0,1,0,0.0,,,,0.0,view_through,100.0,0.0,,
950577,936,123523,30-34,M,32,540,0,0.0,1,1,0.0,,0.0,,1.0,view_through,100.0,100.0,,
950578,936,123523,30-34,M,32,550,0,0.0,1,0,0.0,,,,0.0,view_through,100.0,0.0,,
950595,936,123526,30-34,M,26,465,0,0.0,1,0,0.0,,,,0.0,view_through,100.0,0.0,,
950609,936,123528,30-34,M,29,1761,0,0.0,1,1,0.0,,0.0,,1.0,view_through,100.0,100.0,,
950629,936,123532,30-34,M,65,152,0,0.0,1,1,0.0,,0.0,,1.0,view_through,100.0,100.0,,
950631,936,123532,30-34,M,65,152,0,0.0,1,1,0.0,,0.0,,1.0,view_through,100.0,100.0,,
950649,936,123535,30-34,M,64,429,0,0.0,1,0,0.0,,,,0.0,view_through,100.0,0.0,,
950745,936,123551,30-34,M,29,1514,0,0.0,2,2,0.0,,0.0,,1.0,view_through,100.0,200.0,,
950770,936,123555,30-34,M,28,7780,3,4.329999924,2,2,0.00038560411311053987,1.443333308,2.164999962,0.6666666666666666,1.0,click_through,100.0,200.0,46.18937725413225,4518.937725413226
950772,936,123556,35-39,M,28,460,0,0.0,1,0,0.0,,,,0.0,view_through,100.0,0.0,,
950773,936,123556,35-39,M,28,471,0,0.0,1,0,0.0,,,,0.0,view_through,100.0,0.0,,
950776,936,123556,35-39,M,28,2633,1,1.070000052,1,0,0.00037979491074819596,1.070000052,,1.0,0.0,click_through,100.0,0.0,0.0,-100.0
950787,936,123558,30-34,M,27,199,0,0.0,1,0,0.0,,,,0.0,view_through,100.0,0.0,,
950808,936,123562,35-39,M,32,398,0,0.0,1,0,0.0,,,,0.0,view_through,100.0,0.0,,
950839,936,123567,30-34,M,24,246,0,0.0,2,2,0.0,,0.0,,1.0,view_through,100.0,200.0,,
950878,936,123573,40-44,M,10,2967,1,1.5,1,1,0.0003370407819346141,1.5,1.5,1.0,1.0,click_through,100.0,100.0,66.66666666666667,6566.666666666667
950969,936,123588,45-49,M,36,255,0,0.0,1,0,0.0,,,,0.0,view_through,100.0,0.0,,
951021,936,123597,30-34,F,7,457,0,0.0,1,1,0.0,,0.0,,1.0,view_through,100.0,100.0,,
951033,936,123599,30-34,F,10,5517,1,1.230000019,1,0,0.00018125793003443902,1.230000019,,1.0,0.0,click_through,100.0,0.0,0.0,-100.0
951035,936,123599,30-34,F,10,1539,0,0.0,1,1,0.0,,0.0,,1.0,view_through,100.0,100.0,,
951043,936,123601,30-34,F,16,3189,0,0.0,1,0,0.0,,,,0.0,view_through,100.0,0.0,,
951045,936,123601,30-34,F,16,3348,0,0.0,1,0,0.0,,,,0.0,view_through,100.0,0.0,,
951046,936,123601,30-34,F,16,20050,4,4.659999847,4,1,0.00019950124688279303,1.16499996175,4.659999847,1.0,0.25,click_through,100.0,100.0,21.459228172373802,2045.9228172373803
951102,936,123611,45-49,M,16,2254,0,0.0,1,0,0.0,,,,0.0,view_through,100.0,0.0,,
951105,936,123611,45-49,M,16,5894,1,1.539999962,1,1,0.00016966406515100103,1.539999962,1.539999962,1.0,1.0,click_through,100.0,100.0,64.93506653735878,6393.506653735879
951133,936,123616,35-39,M,16,9948,2,2.720000029,2,0,0.0002010454362685967,1.3600000145,,1.0,0.0,click_through,100.0,0.0,0.0,-100.0
951202,936,123627,45-49,F,26,5307,3,4.289999962,2,1,0.0005652911249293386,1.4299999873333331,4.289999962,0.6666666666666666,0.5,click_through,100.0,100.0,23.310023516499044,2231.0023516499045
951225,936,123631,35-39,F,22,4621,2,3.25,1,1,0.00043280675178532783,1.625,3.25,0.5,1.0,click_through,100.0,100.0,30.76923076923077,2976.923076923077
951270,936,123639,35-39,F,18,784,0,0.0,1,1,0.0,,0.0,,1.0,view_through,100.0,100.0,,
951282,936,123641,35-39,F,16,5775,1,1.580000043,1,1,0.00017316017316017316,1.580000043,1.580000043,1.0,1.0,click_through,100.0,100.0,63.291137518026,6229.113751802601
951285,936,123641,35-39,F,16,9297,2,2.619999886,2,1,0.00021512315800795956,1.309999943,2.619999886,1.0,0.5,click_through,100.0,100.0,38.16794059204016,3716.794059204016
951294,936,123643,35-39,F,15,699,0,0.0,1,0,0.0,,,,0.0,view_through,100.0,0.0,,
951305,936,123644,35-39,F,10,1104,0,0.0,1,0,0.0,,,,0.0,view_through,100.0,0.0,,
951334,936,123649,30-34,F,64,3717,1,1.539999962,1,0,0.0002690341673392521,1.539999962,,1.0,0.0,click_through,100.0,0.0,0.0,-100.0
951391,936,123659,30-34,F,28,2879,1,1.590000033,2,2,0.0003473428273706148,1.590000033,0.7950000165,2.0,1.0,click_through,100.0,200.0,125.78616091135642,12478.616091135642
951392,936,123659,30-34,F,28,2749,1,1.389999986,1,0,0.0003637686431429611,1.389999986,,1.0,0.0,click_through,100.0,0.0,0.0,-100.0
951400,936,123660,45-49,F,10,24028,9,12.39000034,2,0,0.0003745630098218745,1.3766667044444445,,0.2222222222222222,0.0,click_through,100.0,0.0,0.0,-100.0
951402,936,123661,30-34,F,29,1118,0,0.0,1,1,0.0,,0.0,,1.0,view_through,100.0,100.0,,
951413,936,123662,30-34,F,26,1083,0,0.0,2,1,0.0,,0.0,,0.5,view_through,100.0,100.0,,
951420,936,123664,30-34,F,27,843,0,0.0,1,0,0.0,,,,0.0,view_through,100.0,0.0,,
951444,936,123668,30-34,F,25,2983,1,0.970000029,1,0,0.00033523298692591353,0.970000029,,1.0,0.0,click_through,100.0,0.0,0.0,-100.0
951448,936,123668,30-34,F,25,696,0,0.0,1,0,0.0,,,,0.0,view_through,100.0,0.0,,
951462,936,123671,45-49,F,16,7589,2,3.150000095,1,1,0.0002635393332454869,1.5750000475,3.150000095,0.5,1.0,click_through,100.0,100.0,31.74603078861177,3074.603078861177
951464,936,123671,45-49,F,16,20997,10,11.94999981,1,0,0.000476258513120922,1.194999981,,0.1,0.0,click_through,100.0,0.0,0.0,-100.0
951465,936,123671,45-49,F,16,4617,1,1.360000014,1,0,0.00021659085986571366,1.360000014,,1.0,0.0,click_through,100.0,0.0,0.0,-100.0
951498,936,123677,45-49,F,20,259,0,0.0,1,0,0.0,,,,0.0,view_through,100.0,0.0,,
951508,936,123678,30-34,F,18,1134,0,0.0,1,0,0.0,,,,0.0,view_through,100.0,0.0,,
951542,936,123684,40-44,F,27,357,0,0.0,1,0,0.0,,,,0.0,view_through,100.0,0.0,,
951607,936,123695,40-44,F,10,848,0,0.0,1,1,0.0,,0.0,,1.0,view_through,100.0,100.0,,
951608,936,123695,40-44,F,10,3149,1,1.480000019,1,0,0.00031756113051762465,1.480000019,,1.0,0.0,click_through,100.0,0.0,0.0,-100.0
951641,936,123700,40-44,F,2,87,0,0.0,1,1,0.0,,0.0,,1.0,view_through,100.0,100.0,,
951677,936,123706,35-39,F,27,2563,1,1.480000019,1,0,0.0003901677721420211,1.480000019,,1.0,0.0,click_through,100.0,0.0,0.0,-100.0
951692,936,123709,35-39,F,10,1107,0,0.0,1,0,0.0,,,,0.0,view_through,100.0,0.0,,
951715,936,123713,45-49,F,64,10677,5,7.269999981,1,0,0.00046829633792263745,1.4539999961999999,,0.2,0.0,click_through,100.0,0.0,0.0,-100.0
951756,936,123720,35-39,F,22,2189,1,0.409999996,1,0,0.00045682960255824577,0.409999996,,1.0,0.0,click_through,100.0,0.0,0.0,-100.0
951779,936,123723,45-49,F,27,3277,2,2.680000067,1,0,0.0006103143118706134,1.3400000335,,0.5,0.0,click_through,100.0,0.0,0.0,-100.0
951782,936,123724,45-49,F,26,781,0,0.0,1,0,0.0,,,,0.0,view_through,100.0,0.0,,
951810,936,123729,35-39,F,16,2226,0,0.0,1,0,0.0,,,,0.0,view_through,100.0,0.0,,
951812,936,123729,35-39,F,16,16274,4,6.079999924,2,0,0.0002457908320019663,1.519999981,,0.5,0.0,click_through,100.0,0.0,0.0,-100.0
951837,936,123733,45-49,F,20,2077,1,1.50999999,1,1,0.00048146364949446316,1.50999999,1.50999999,1.0,1.0,click_through,100.0,100.0,66.22516600149116,6522.516600149116
951853,936,123736,30-34,F,20,529,0,0.0,0,0,0.0,,,,,view_through,100.0,0.0,,
951854,936,123736,30-34,F,20,487,0,0.0,1,0,0.0,,,,0.0,view_through,100.0,0.0,,
951856,936,123736,30-34,F,20,4626,2,2.099999905,2,0,0.00043233895373973193,1.0499999525,,1.0,0.0,click_through,100.0,0.0,0.0,-100.0
951941,936,123750,30-34,F,28,2764,1,1.559999943,1,1,0.000361794500723589,1.559999943,1.559999943,1.0,1.0,click_through,100.0,100.0,64.10256644477326,6310.2566444773265
952001,936,123760,45-49,F,10,5447,2,2.960000038,1,0,0.00036717459151826694,1.480000019,,0.5,0.0,click_through,100.0,0.0,0.0,-100.0
952031,936,123765,40-44,F,16,28169,8,12.36999989,1,1,0.000284000142000071,1.54624998625,12.36999989,0.125,1.0,click_through,100.0,100.0,8.084074445371721,708.4074445371721
952080,936,123774,40-44,F,27,415,0,0.0,1,0,0.0,,,,0.0,view_through,100.0,0.0,,
952100,936,123777,35-39,F,29,810,0,0.0,1,1,0.0,,0.0,,1.0,view_through,100.0,100.0,,
1121091,1178,144531,30-34,M,10,1194718,141,254.049996,28,14,0.00011801948242179326,1.8017730212765957,18.146428285714286,0.19858156028368795,0.5,click_through,100.0,1400.0,5.510726321759123,451.07263217591236
1121092,1178,144531,30-34,M,10,637648,67,122.4,13,5,0.0001050736456477555,1.826865671641791,24.48,0.19402985074626866,0.38461538461538464,click_through,100.0,500.0,4.084967320261438,308.49673202614383
1121094,1178,144531,30-34,M,10,24362,0,0.0,1,1,0.0,,0.0,,1.0,view_through,100.0,100.0,,
1121095,1178,144531,30-34,M,10,459690,50,86.33000112,5,2,0.00010876895299005852,1.7266000224000002,43.16500056,0.1,0.4,click_through,100.0,200.0,2.3166917341052384,131.66917341052385
1121096,1178,144531,30-34,M,10,750060,86,161.9099991,11,2,0.0001146574940671413,1.8826744081395348,80.95499955,0.12790697674418605,0.18181818181818182,click_through,100.0,200.0,1.235254160408429,23.52541604084291
1121097,1178,144532,30-34,M,15,30068,1,1.820000052,1,0,3.3257948649727285e-05,1.820000052,,1.0,0.0,click_through,100.0,0.0,0.0,-100.0
1121098,1178,144532,30-34,M,15,1267550,123,236.7699986,24,10,9.703759220543568e-05,1.924959338211382,23.676999860000002,0.1951219512195122,0.4166666666666667,click_through,100.0,1000.0,4.223508070756056,322.35080707560553
1121100,1178,144532,30-34,M,15,3052003,340,639.9499981,60,17,0.00011140224960460393,1.8822058767647059,37.64411753529412,0.17647058823529413,0.2833333333333333,click_through,100.0,1700.0,2.6564575436319546,165.64575436319546
1121101,1178,144532,30-34,M,15,29945,1,1.590000033,2,1,3.3394556687259975e-05,1.590000033,1.590000033,2.0,0.5,click_through,100.0,100.0,62.89308045567821,6189.308045567821
1121102,1178,144532,30-34,M,15,357856,30,52.97000015,7,3,8.383260305821336e-05,1.7656666716666665,17.656666716666667,0.23333333333333334,0.42857142857142855,click_through,100.0,300.0,5.663583144241317,466.35831442413166
1121104,1178,144533,30-34,M,16,2080666,202,360.1500015,40,21,9.708429896965683e-05,1.7829207995049503,17.150000071428572,0.19801980198019803,0.525,click_through,100.0,2100.0,5.830903765802151,483.0903765802151
1121105,1178,144533,30-34,M,16,145999,9,16.5200001,5,2,6.164425783738245e-05,1.8355555666666667,8.26000005,0.5555555555555556,0.4,click_through,100.0,200.0,12.106537456982219,1110.6537456982219
1121107,1178,144533,30-34,M,16,32616,1,1.539999962,2,0,3.06597988717194e-05,1.539999962,,2.0,0.0,click_through,100.0,0.0,0.0,-100.0
1121108,1178,144533,30-34,M,16,984521,95,163.8999972,26,14,9.64936248185666e-05,1.7252631284210527,11.707142657142857,0.2736842105263158,0.5384615384615384,click_through,100.0,1400.0,8.54179392261759,754.1793922617591
1121110,1178,144534,30-34,M,18,880814,123,210.3600006,6,2,0.00013964355698251843,1.7102439073170732,105.1800003,0.04878048780487805,0.3333333333333333,click_through,100.0,200.0,0.9507510906519744,-4.9248909348025585
1121111,1178,144534,30-34,M,18,182452,20,35.73000026,4,1,0.00010961787209786684,1.786500013,35.73000026,0.2,0.25,click_through,100.0,100.0,2.798768521475516,179.87685214755163
1121113,1178,144534,30-34,M,18,894911,120,215.8399994,7,4,0.00013409154653367766,1.7986666616666667,53.95999985,0.058333333333333334,0.5714285714285714,click_through,100.0,400.0,1.8532246159744938,85.32246159744939
1121114,1178,144534,30-34,M,18,31349,2,3.800000072,1,0,6.379788828989761e-05,1.900000036,,0.5,0.0,click_through,100.0,0.0,0.0,-100.0
1121115,1178,144535,30-34,M,19,410310,55,96.80000055,3,0,0.0001340449903731325,1.76000001,,0.05454545454545454,0.0,click_through,100.0,0.0,0.0,-100.0
1121116,1178,144535,30-34,M,19,572450,89,157.329998,7,4,0.00015547209363263168,1.7677527865168539,39.3324995,0.07865168539325842,0.5714285714285714,click_through,100.0,400.0,2.5424267786490407,154.2426778649041
1121117,1178,144535,30-34,M,19,98759,15,26.56999946,1,1,0.00015188489150355918,1.7713332973333331,26.56999946,0.06666666666666667,1.0,click_through,100.0,100.0,3.763643283115069,276.36432831150694
1121119,1178,144535,30-34,M,19,345371,54,93.08999991,7,3,0.00015635360235804395,1.7238888872222222,31.029999970000002,0.12962962962962962,0.42857142857142855,click_through,100.0,300.0,3.2226877246754957,222.26877246754952
1121121,1178,144536,30-34,M,20,323899,46,78.9200002,5,1,0.00014201958017777148,1.7156521782608696,78.9200002,0.10869565217391304,0.2,click_through,100.0,100.0,1.2671059268446376,26.710592684463773
1121122,1178,144536,30-34,M,20,399199,58,103.1500002,3,0,0.000145290945117598,1.7784482793103447,,0.05172413793103448,0.0,click_through,100.0,0.0,0.0,-100.0
1121123,1178,144536,30-34,M,20,171202,22,36.53000021,3,1,0.0001285031716919195,1.6604545549999998,36.53000021,0.13636363636363635,0.3333333333333333,click_through,100.0,100.0,2.7374760313476605,173.74760313476605
1121124,1178,144536,30-34,M,20,128386,15,28.85000002,2,1,0.00011683516894365429,1.9233333346666666,28.85000002,0.13333333333333333,0.5,click_through,100.0,100.0,3.466204503662943,246.6204503662943
1121125,1178,144536,30-34,M,20,1034284,152,257.7099986,20,9,0.0001469615695495628,1.6954605171052632,28.63444428888889,0.13157894736842105,0.45,click_through,100.0,900.0,3.4922975627225044,249.2297562722504
1121126,1178,144536,30-34,M,20,45923,5,7.220000148,2,0,0.00010887790431809768,1.4440000296,,0.4,0.0,click_through,100.0,0.0,0.0,-100.0
1121127,1178,144537,30-34,M,21,40873,4,7.899999976,2,1,9.786411567538473e-05,1.974999994,7.899999976,0.5,0.5,click_through,100.0,100.0,12.658227886556642,1165.8227886556642
1121128,1178,144537,30-34,M,21,286553,34,62.06000042,2,1,0.00011865169794069509,1.82529413,62.06000042,0.058823529411764705,0.5,click_through,100.0,100.0,1.6113438498748884,61.13438498748886
1121129,1178,144537,30-34,M,21,20618,1,2.099999905,2,1,4.850130953535746e-05,2.099999905,2.099999905,2.0,0.5,click_through,100.0,100.0,47.619049773242736,4661.904977324273
1121131,1178,144537,30-34,M,21,83591,7,14.14000046,2,2,8.374107260350995e-05,2.0200000657142856,7.07000023,0.2857142857142857,1.0,click_through,100.0,200.0,14.144271109875199,1314.4271109875197
1121132,1178,144537,30-34,M,21,114923,12,23.73000026,4,2,0.00010441774057412354,1.9775000216666667,11.86500013,0.3333333333333333,0.5,click_through,100.0,200.0,8.42814992872655,742.8149928726549
1121133,1178,144538,30-34,M,22,25002,1,1.710000038,1,0,3.999680025597952e-05,1.710000038,,1.0,0.0,click_through,100.0,0.0,0.0,-100.0
1121134,1178,144538,30-34,M,22,68905,5,9.440000057,1,0,7.256367462448299e-05,1.8880000114000002,,0.2,0.0,click_through,100.0,0.0,0.0,-100.0
1121136,1178,144538,30-34,M,22,169588,16,27.79999924,1,0,9.43462980871288e-05,1.7374999525,,0.0625,0.0,click_through,100.0,0.0,0.0,-100.0
1121138,1178,144538,30-34,M,22,328991,35,67.65000057,5,2,0.00010638588897568627,1.9328571591428572,33.825000285,0.14285714285714285,0.4,click_through,100.0,200.0,2.9563931753858963,195.63931753858964
1121141,1178,144539,30-34,M,23,23198,2,2.980000019,1,0,8.621432882145013e-05,1.4900000095,,0.5,0.0,click_through,100.0,0.0,0.0,-100.0
1121142,1178,144539,30-34,M,23,26890,2,3.24000001,1,0,7.437709185570845e-05,1.620000005,,0.5,0.0,click_through,100.0,0.0,0.0,-100.0
1121143,1178,144539,30-34,M,23,221695,31,52.26000011,5,2,0.00013983175082884144,1.6858064551612904,26.130000055,0.16129032258064516,0.4,click_through,100.0,200.0,3.827018744336547,282.70187443365467
1121152,1178,144541,30-34,M,24,88443,7,13.0400002,1,1,7.914702124532185e-05,1.8628571714285713,13.0400002,0.14285714285714285,1.0,click_through,100.0,100.0,7.668711538823443,666.8711538823443
1121153,1178,144541,30-34,M,24,187856,23,38.38999975,5,1,0.00012243420492291968,1.6691304239130436,38.38999975,0.21739130434782608,0.2,click_through,100.0,100.0,2.6048450286848466,160.48450286848464
1121164,1178,144545,30-34,M,25,570699,80,138.7699997,9,2,0.00014017897350442177,1.73462499625,69.38499985,0.1125,0.2222222222222222,click_through,100.0,200.0,1.4412336991595454,44.123369915954534
1121167,1178,144545,30-34,M,25,1063508,145,260.3800013,23,7,0.00013634124049842597,1.7957241468965517,37.19714304285714,0.15862068965517243,0.30434782608695654,click_through,100.0,700.0,2.688378510273861,168.8378510273861
1121168,1178,144545,30-34,M,25,50523,6,8.549999952,1,0,0.00011875779348019714,1.424999992,,0.16666666666666666,0.0,click_through,100.0,0.0,0.0,-100.0
1121172,1178,144547,30-34,M,26,87935,9,15.63000023,1,0,0.00010234832546767499,1.7366666922222223,,0.1111111111111111,0.0,click_through,100.0,0.0,0.0,-100.0
1121173,1178,144547,30-34,M,26,278225,33,60.19999957,3,0,0.00011860903944649115,1.8242424112121214,,0.09090909090909091,0.0,click_through,100.0,0.0,0.0,-100.0
1121175,1178,144547,30-34,M,26,209461,20,34.19000006,1,0,9.548316870443663e-05,1.709500003,,0.05,0.0,click_through,100.0,0.0,0.0,-100.0
1121177,1178,144547,30-34,M,26,26316,2,3.24000001,3,0,7.599939200486396e-05,1.620000005,,1.5,0.0,click_through,100.0,0.0,0.0,-100.0
1121181,1178,144549,30-34,M,27,41030,3,5.140000105,2,1,7.3117231294175e-05,1.7133333683333334,5.140000105,0.6666666666666666,0.5,click_through,100.0,100.0,19.455252520855733,1845.5252520855738
1121182,1178,144549,30-34,M,27,876671,120,216.5599982,22,4,0.0001368814526772301,1.8046666516666667,54.13999955,0.18333333333333332,0.18181818181818182,click_through,100.0,400.0,1.8470631849127896,84.70631849127898
1121183,1178,144549,30-34,M,27,399392,53,93.07000041,5,0,0.00013270170659402292,1.7560377435849057,,0.09433962264150944,0.0,click_through,100.0,0.0,0.0,-100.0
1121184,1178,144549,30-34,M,27,283858,30,56.05999923,1,0,0.00010568664613997139,1.8686666410000001,,0.03333333333333333,0.0,click_through,100.0,0.0,0.0,-100.0
1121185,1178,144549,30-34,M,27,260699,31,54.09999871,5,2,0.00011891108136203054,1.7451612487096775,27.049999355,0.16129032258064516,0.4,click_through,100.0,200.0,3.69685775913025,269.685775913025
1121193,1178,144552,30-34,M,28,57781,5,7.800000072,2,1,8.653363562416712e-05,1.5600000144,7.800000072,0.4,0.5,click_through,100.0,100.0,12.820512702169626,1182.0512702169626
1121195,1178,144552,30-34,M,28,38757,3,5.220000029,1,0,7.740537193281214e-05,1.7400000096666668,,0.3333333333333333,0.0,click_through,100.0,0.0,0.0,-100.0
1121196,1178,144552,30-34,M,28,1392288,206,358.5500029,31,7,0.00014795789376910524,1.740533994660194,51.22142898571428,0.15048543689320387,0.22580645161290322,click_through,100.0,700.0,1.9523078910564975,95.23078910564973
1121197,1178,144552,30-34,M,28,1109387,159,280.9899995,13,2,0.00014332239335777326,1.7672327012578617,140.49499975,0.08176100628930817,0.15384615384615385,click_through,100.0,200.0,0.7117691033698158,-28.82308966301842
1121202,1178,144554,30-34,M,29,581281,65,115.1200008,10,5,0.00011182199314961266,1.7710769353846154,23.02400016,0.15384615384615385,0.5,click_through,100.0,500.0,4.343293923952093,334.3293923952092
1121203,1178,144554,30-34,M,29,1048861,128,219.770002,22,8,0.0001220371431486155,1.716953140625,27.47125025,0.171875,0.36363636363636365,click_through,100.0,800.0,3.6401692347438757,264.01692347438757
1121205,1178,144554,30-34,M,29,297452,30,52.01999986,4,1,0.00010085660879738579,1.7339999953333334,52.01999986,0.13333333333333333,0.25,click_through,100.0,100.0,1.9223375676495051,92.23375676495053
1121206,1178,144554,30-34,M,29,227925,22,35.30999994,22,12,9.652297905012614e-05,1.6049999972727271,2.942499995,1.0,0.5454545454545454,click_through,100.0,1200.0,33.98470693965116,3298.470693965116
1121207,1178,144554,30-34,M,29,374175,38,63.32000101,8,3,0.00010155675820137636,1.6663158160526315,21.10666700333333,0.21052631578947367,0.375,click_through,100.0,300.0,4.737839469595422,373.7839469595422
1121211,1178,144556,30-34,M,30,223586,32,54.24000037,1,0,0.0001431216623581083,1.6950000115625,,0.03125,0.0,click_through,100.0,0.0,0.0,-100.0
1121213,1178,144556,30-34,M,30,283170,39,65.22999996,2,1,0.00013772645407352473,1.6725641015384616,65.22999996,0.05128205128205128,0.5,click_through,100.0,100.0,1.533036947130484,53.30369471304841
1121215,1178,144556,30-34,M,30,41636,3,4.210000038,1,0,7.20530310308387e-05,1.4033333460000001,,0.3333333333333333,0.0,click_through,100.0,0.0,0.0,-100.0
1121216,1178,144556,30-34,M,30,198658,30,48.60999978,8,1,0.0001510132992378862,1.6203333260000001,48.60999978,0.26666666666666666,0.125,click_through,100.0,100.0,2.0571898879362633,105.71898879362635
1121220,1178,144558,30-34,M,31,100596,10,13.91999972,4,2,9.940753111455723e-05,1.391999972,6.95999986,0.4,0.5,click_through,100.0,200.0,14.367816380961823,1336.7816380961824
1121223,1178,144558,30-34,M,31,64020,5,11.0599997,1,0,7.810059356451109e-05,2.21199994,,0.2,0.0,click_through,100.0,0.0,0.0,-100.0
1121224,1178,144558,30-34,M,31,14289,0,0.0,1,0,0.0,,,,0.0,view_through,100.0,0.0,,
1121229,1178,144561,30-34,M,32,404866,43,87.42000079,4,0,0.00010620797992422184,2.033023274186047,,0.09302325581395349,0.0,click_through,100.0,0.0,0.0,-100.0
1121231,1178,144561,30-34,M,32,22256,1,1.659999967,1,1,4.4931703810208485e-05,1.659999967,1.659999967,1.0,1.0,click_through,100.0,100.0,60.240965052983036,5924.096505298304
1121233,1178,144561,30-34,M,32,57690,4,6.74000001,1,0,6.933610677760443e-05,1.6850000025,,0.25,0.0,click_through,100.0,0.0,0.0,-100.0
1121241,1178,144562,30-34,M,36,24952,5,8.220000267,3,2,0.00020038473869830073,1.6440000533999999,4.1100001335,0.6,0.6666666666666666,click_through,100.0,200.0,24.330899452998764,2333.089945299877
1121242,1178,144562,30-34,M,36,38900,3,5.580000043,1,0,7.712082262210797e-05,1.8600000143333333,,0.3333333333333333,0.0,click_through,100.0,0.0,0.0,-100.0
1121243,1178,144562,30-34,M,36,53520,6,9.2299999,1,1,0.00011210762331838565,1.5383333166666666,9.2299999,0.16666666666666666,1.0,click_through,100.0,100.0,10.834236303729538,983.4236303729538
1121244,1178,144562,30-34,M,36,181683,20,34.22999972,2,1,0.00011008184585239125,1.7114999860000002,34.22999972,0.1,0.5,click_through,100.0,100.0,2.9214139882557966,192.14139882557964
1121245,1178,144562,30-34,M,36,29185,2,3.149999976,1,0,6.85283536063046e-05,1.574999988,,0.5,0.0,click_through,100.0,0.0,0.0,-100.0
1121246,1178,144562,30-34,M,36,105047,13,20.2099994,3,1,0.0001237541291041153,1.5546153384615384,20.2099994,0.23076923076923078,0.3333333333333333,click_through,100.0,100.0,4.948045668917733,394.8045668917734
1121250,1178,144565,30-34,M,63,287976,31,59.43999982,3,2,0.00010764785954385087,1.917419349032258,29.71999991,0.0967741935483871,0.6666666666666666,click_through,100.0,200.0,3.364737560660376,236.47375606603762
1121251,1178,144565,30-34,M,63,212175,22,38.58999968,2,1,0.00010368799340167315,1.7540908945454545,38.58999968,0.09090909090909091,0.5,click_through,100.0,100.0,2.591344929495475,159.1344929495475
1121252,1178,144565,30-34,M,63,11139,0,0.0,1,1,0.0,,0.0,,1.0,view_through,100.0,100.0,,
1121254,1178,144565,30-34,M,63,124005,11,21.84999979,4,1,8.870610056046127e-05,1.986363617272727,21.84999979,0.36363636363636365,0.25,click_through,100.0,100.0,4.576659082887799,357.66590828878
1121255,1178,144565,30-34,M,63,20423,1,1.960000038,1,0,4.896440287910689e-05,1.960000038,,1.0,0.0,click_through,100.0,0.0,0.0,-100.0
1121261,1178,144567,30-34,M,64,103001,14,22.32000005,1,0,0.00013592101047562644,1.594285717857143,,0.07142857142857142,0.0,click_through,100.0,0.0,0.0,-100.0
1121262,1178,144567,30-34,M,64,447420,66,110.2399991,7,2,0.00014751240445219258,1.6703030166666668,55.11999955,0.10606060606060606,0.2857142857142857,click_through,100.0,200.0,1.8142235271480511,81.42235271480513
1121263,1178,144567,30-34,M,64,156101,19,29.75000048,2,2,0.00012171606844286712,1.5657894989473684,14.87500024,0.10526315789473684,1.0,click_through,100.0,200.0,6.722688967163338,572.2688967163336
1121264,1178,144567,30-34,M,64,93015,12,18.47000015,1,0,0.00012901144976616675,1.5391666791666667,,0.08333333333333333,0.0,click_through,100.0,0.0,0.0,-100.0
1121265,1178,144568,30-34,M,65,145398,23,36.24000025,1,0,0.00015818649499993123,1.5756521847826088,,0.043478260869565216,0.0,click_through,100.0,0.0,0.0,-100.0
1121269,1178,144568,30-34,M,65,296413,50,76.43999958,3,1,0.0001686835597628984,1.5287999916000001,76.43999958,0.06,0.3333333333333333,click_through,100.0,100.0,1.3082156011178774,30.82156011178774
1121273,1178,144569,30-34,M,2,9370,0,0.0,1,1,0.0,,0.0,,1.0,view_through,100.0,100.0,,
1121274,1178,144569,30-34,M,2,63785,7,11.80000019,6,2,0.00010974367014188289,1.685714312857143,5.900000095,0.8571428571428571,0.3333333333333333,click_through,100.0,200.0,16.9491522694628,1594.9152269462802
1121275,1178,144569,30-34,M,2,118522,14,26.81999981,2,1,0.00011812153018005096,1.915714272142857,26.81999981,0.14285714285714285,0.5,click_through,100.0,100.0,3.7285608019547563,272.8560801954756
1121276,1178,144569,30-34,M,2,240123,38,65.67000115,5,4,0.00015825222906593704,1.728157925,16.4175002875,0.13157894736842105,0.8,click_through,100.0,400.0,6.091061260777821,509.10612607778216
1121277,1178,144570,30-34,M,7,169108,20,32.24000025,2,1,0.00011826761596139745,1.6120000125,32.24000025,0.1,0.5,click_through,100.0,100.0,3.101736948652784,210.17369486527838
1121278,1178,144570,30-34,M,7,1044442,142,245.5999999,22,8,0.00013595776500753513,1.729577464084507,30.6999999875,0.15492957746478872,0.36363636363636365,click_through,100.0,800.0,3.257328991554287,225.7328991554287
1121279,1178,144570,30-34,M,7,93891,11,17.6400001,5,3,0.00011715712901130034,1.6036363727272729,5.880000033333334,0.45454545454545453,0.6,click_through,100.0,300.0,17.006802624677988,1600.680262467799
1121282,1178,144570,30-34,M,7,185823,25,38.54999936,4,1,0.0001345366289425959,1.5419999744000001,38.54999936,0.16,0.25,click_through,100.0,100.0,2.5940337655040624,159.40337655040625
1121284,1178,144571,30-34,M,66,175631,23,40.75999951,1,0,0.00013095638013790276,1.7721738917391305,,0.043478260869565216,0.0,click_through,100.0,0.0,0.0,-100.0
1121285,1178,144571,30-34,M,66,37187,4,6.370000005,1,0,0.00010756447145507839,1.59250000125,,0.25,0.0,click_through,100.0,0.0,0.0,-100.0
1121286,1178,144571,30-34,M,66,10991,0,0.0,1,0,0.0,,,,0.0,view_through,100.0,0.0,,
1121287,1178,144571,30-34,M,66,344618,51,89.76000047,3,1,0.00014798994829057102,1.7600000092156862,89.76000047,0.058823529411764705,0.3333333333333333,click_through,100.0,100.0,1.114081990601398,11.408199060139784
1121289,1178,144572,35-39,M,10,98066,9,16.1500001,1,0,9.177492708991904e-05,1.7944444555555554,,0.1111111111111111,0.0,click_through,100.0,0.0,0.0,-100.0
1121290,1178,144572,35-39,M,10,770749,100,189.1299984,13,3,0.0001297439244163794,1.891299984,63.0433328,0.13,0.23076923076923078,click_through,100.0,300.0,1.5862105564317501,58.621055643175005
1121291,1178,144572,35-39,M,10,52553,5,8.529999852,1,0,9.514204707628489e-05,1.7059999704,,0.2,0.0,click_through,100.0,0.0,0.0,-100.0
1121292,1178,144572,35-39,M,10,362296,39,67.77000129,7,3,0.0001076467860533928,1.7376923407692306,22.59000043,0.1794871794871795,0.42857142857142855,click_through,100.0,300.0,4.426737410203759,342.6737410203759
1121293,1178,144572,35-39,M,10,427729,50,96.8999989,4,1,0.00011689644611424524,1.937999978,96.8999989,0.08,0.25,click_through,100.0,100.0,1.0319917557811242,3.199175578112416
1121296,1178,144573,35-39,M,15,180351,21,37.13000011,1,1,0.00011643960942828152,1.7680952433333332,37.13000011,0.047619047619047616,1.0,click_through,100.0,100.0,2.693239959702225,169.32399597022248
1121297,1178,144573,35-39,M,15,187329,29,53.15999961,2,1,0.00015480785142716824,1.8331034348275863,53.15999961,0.06896551724137931,0.5,click_through,100.0,100.0,1.8811136330630984,88.11136330630985
1121300,1178,144573,35-39,M,15,782894,118,192.9299995,5,2,0.0001507228309324123,1.634999995762712,96.46499975,0.0423728813559322,0.4,click_through,100.0,200.0,1.0366454181222344,3.664541812223449
1121302,1178,144574,35-39,M,16,1206533,128,236.1199988,17,6,0.00010608909992515746,1.844687490625,39.35333313333333,0.1328125,0.35294117647058826,click_through,100.0,600.0,2.541080819283826,154.1080819283826
1121303,1178,144574,35-39,M,16,84494,7,12.57000017,2,0,8.284611925107108e-05,1.79571431,,0.2857142857142857,0.0,click_through,100.0,0.0,0.0,-100.0
1121304,1178,144574,35-39,M,16,94257,7,12.5800004,1,1,7.426504132319085e-05,1.7971429142857143,12.5800004,0.14285714285714285,1.0,click_through,100.0,100.0,7.949125343430037,694.9125343430037
1121309,1178,144575,35-39,M,18,131060,16,28.04999959,2,1,0.0001220814893941706,1.753124974375,28.04999959,0.125,0.5,click_through,100.0,100.0,3.5650624407014475,256.50624407014476
1121310,1178,144575,35-39,M,18,341603,50,83.48000121,4,2,0.0001463687379794674,1.6696000242,41.740000605,0.08,0.5,click_through,100.0,200.0,2.395783386453068,139.5783386453068
1121311,1178,144575,35-39,M,18,140749,19,30.4799999,1,1,0.0001349920780964696,1.6042105210526316,30.4799999,0.05263157894736842,1.0,click_through,100.0,100.0,3.280839905777034,228.08399057770342
1121312,1178,144575,35-39,M,18,102525,13,20.29999983,2,1,0.00012679834186783711,1.5615384484615384,20.29999983,0.15384615384615385,0.5,click_through,100.0,100.0,4.926108415637361,392.6108415637361
1121316,1178,144576,35-39,M,19,447952,68,131.5799983,8,1,0.0001518019787834411,1.934999975,131.5799983,0.11764705882352941,0.125,click_through,100.0,100.0,0.7599939298676827,-24.000607013231736
1121317,1178,144576,35-39,M,19,76355,9,14.62999988,2,0,0.00011787047344640168,1.625555542222222,,0.2222222222222222,0.0,click_through,100.0,0.0,0.0,-100.0
1121319,1178,144577,35-39,M,20,256598,38,64.46999931,6,1,0.0001480915673543831,1.6965789292105264,64.46999931,0.15789473684210525,0.16666666666666666,click_through,100.0,100.0,1.5511090595667014,55.110905956670145
1121321,1178,144577,35-39,M,20,127476,21,30.15000057,3,2,0.000164736891650193,1.4357143128571428,15.075000285,0.14285714285714285,0.6666666666666666,click_through,100.0,200.0,6.633499045403169,563.3499045403169
1121322,1178,144577,35-39,M,20,237603,37,62.25000024,5,2,0.00015572193953780045,1.682432438918919,31.12500012,0.13513513513513514,0.4,click_through,100.0,200.0,3.212851393235593,221.28513932355932
1121327,1178,144578,35-39,M,21,271091,42,78.03999984,3,1,0.00015492952550988414,1.8580952342857142,78.03999984,0.07142857142857142,0.3333333333333333,click_through,100.0,100.0,1.2813941594697984,28.139415946979852
1121330,1178,144578,35-39,M,21,21743,2,3.400000095,1,0,9.198362691440924e-05,1.7000000475,,0.5,0.0,click_through,100.0,0.0,0.0,-100.0
1121333,1178,144579,35-39,M,22,88970,10,14.8300004,2,0,0.00011239743733842868,1.4830000399999999,,0.2,0.0,click_through,100.0,0.0,0.0,-100.0
1121334,1178,144579,35-39,M,22,108362,13,22.42999983,1,1,0.00011996825455417951,1.7253846023076922,22.42999983,0.07692307692307693,1.0,click_through,100.0,100.0,4.4583147908120155,345.8314790812016
1121335,1178,144579,35-39,M,22,188596,27,44.14000034,3,0,0.00014316316358777492,1.6348148274074075,,0.1111111111111111,0.0,click_through,100.0,0.0,0.0,-100.0
1121336,1178,144579,35-39,M,22,275080,43,69.65999997,4,3,0.0001563181619892395,1.6199999993023255,23.21999999,0.09302325581395349,0.75,click_through,100.0,300.0,4.306632215463666,330.66322154636663
1121337,1178,144580,35-39,M,23,64647,10,16.26999998,1,0,0.00015468621900474887,1.626999998,,0.1,0.0,click_through,100.0,0.0,0.0,-100.0
1121338,1178,144580,35-39,M,23,31265,4,5.789999902,1,0,0.00012793858947705101,1.4474999755,,0.25,0.0,click_through,100.0,0.0,0.0,-100.0
1121340,1178,144580,35-39,M,23,140147,24,42.08000016,2,0,0.00017124876023032957,1.75333334,,0.08333333333333333,0.0,click_through,100.0,0.0,0.0,-100.0
1121341,1178,144580,35-39,M,23,223120,40,67.66999984,1,0,0.00017927572606669058,1.691749996,,0.025,0.0,click_through,100.0,0.0,0.0,-100.0
1121342,1178,144580,35-39,M,23,104869,18,34.07000089,1,0,0.00017164271615062603,1.8927778272222224,,0.05555555555555555,0.0,click_through,100.0,0.0,0.0,-100.0
1121344,1178,144581,35-39,M,24,165177,23,41.71999967,4,1,0.0001392445679483221,1.8139130291304348,41.71999967,0.17391304347826086,0.25,click_through,100.0,100.0,2.3969319460927023,139.69319460927022
1121345,1178,144581,35-39,M,24,84194,11,19.56999981,1,0,0.0001306506401881369,1.7790908918181818,,0.09090909090909091,0.0,click_through,100.0,0.0,0.0,-100.0
1121347,1178,144581,35-39,M,24,220581,31,57.37,1,1,0.00014053794297786302,1.8506451612903225,57.37,0.03225806451612903,1.0,click_through,100.0,100.0,1.743071291615827,74.30712916158272
1121350,1178,144582,35-39,M,25,75804,10,17.36999965,2,1,0.00013191915993878952,1.736999965,17.36999965,0.2,0.5,click_through,100.0,100.0,5.7570525051795265,475.70525051795266
1121352,1178,144582,35-39,M,25,368986,59,100.289999,0,0,0.0001598976654940838,1.6998304915254236,,0.0,,click_through,100.0,0.0,0.0,-100.0
1121353,1178,144582,35-39,M,25,28194,3,3.709999919,2,0,0.00010640561821664184,1.2366666396666666,,0.6666666666666666,0.0,click_through,100.0,0.0,0.0,-100.0
1121355,1178,144583,35-39,M,26,99961,14,23.2099998,1,0,0.0001400546213023079,1.6578571285714285,,0.07142857142857142,0.0,click_through,100.0,0.0,0.0,-100.0
1121359,1178,144583,35-39,M,26,7573,0,0.0,1,0,0.0,,,,0.0,view_through,100.0,0.0,,
1121361,1178,144584,35-39,M,27,685781,103,177.8899992,10,1,0.00015019372073592007,1.7270873708737864,177.8899992,0.0970873786407767,0.1,click_through,100.0,100.0,0.5621451484047226,-43.78548515952773
1121364,1178,144584,35-39,M,27,274222,43,66.7700001,2,1,0.0001568072583527215,1.5527907,66.7700001,0.046511627906976744,0.5,click_through,100.0,100.0,1.497678595929791,49.767859592979086
1121365,1178,144584,35-39,M,27,110503,25,32.67999995,4,0,0.0002262382016777825,1.3071999980000002,,0.16,0.0,click_through,100.0,0.0,0.0,-100.0
1121367,1178,144585,35-39,M,28,1447755,233,420.5799983,11,8,0.00016093883288263554,1.805064370386266,52.5724997875,0.04721030042918455,0.7272727272727273,click_through,100.0,800.0,1.9021351543906742,90.21351543906742
1121368,1178,144585,35-39,M,28,358987,52,87.55000067,1,0,0.00014485204199594972,1.6836538590384615,,0.019230769230769232,0.0,click_through,100.0,0.0,0.0,-100.0
1121369,1178,144585,35-39,M,28,826205,125,232.3700008,5,1,0.00015129417033302872,1.8589600064,232.3700008,0.04,0.2,click_through,100.0,100.0,0.43034815017309236,-56.965184982690765
1121370,1178,144585,35-39,M,28,550954,84,150.1400012,3,0,0.000152462819037524,1.7873809666666667,,0.03571428571428571,0.0,click_through,100.0,0.0,0.0,-100.0
1121372,1178,144585,35-39,M,28,378350,55,96.48000073,4,0,0.0001453680454605524,1.7541818314545454,,0.07272727272727272,0.0,click_through,100.0,0.0,0.0,-100.0
1121373,1178,144586,35-39,M,29,492784,56,95.5100013,7,4,0.0001136400532484821,1.7055357375,23.877500325,0.125,0.5714285714285714,click_through,100.0,400.0,4.188043079840268,318.8043079840268
1121374,1178,144586,35-39,M,29,327158,43,72.3100003,6,2,0.00013143496414576444,1.6816279139534884,36.15500015,0.13953488372093023,0.3333333333333333,click_through,100.0,200.0,2.765869162913003,176.5869162913003
1121375,1178,144586,35-39,M,29,9921,0,0.0,1,0,0.0,,,,0.0,view_through,100.0,0.0,,
1121377,1178,144586,35-39,M,29,59390,5,9.209999919,5,3,8.418925745074928e-05,1.8419999837999999,3.069999973,1.0,0.6,click_through,100.0,300.0,32.57329018875532,3157.3290188755327
1121378,1178,144586,35-39,M,29,1040330,147,254.2500038,13,2,0.0001413013178510665,1.729591862585034,127.1250019,0.08843537414965986,0.15384615384615385,click_through,100.0,200.0,0.7866273235430331,-21.337267645696688
1121379,1178,144587,35-39,M,30,49422,6,11.17000031,1,0,0.00012140342357654485,1.8616667183333335,,0.16666666666666666,0.0,click_through,100.0,0.0,0.0,-100.0
1121380,1178,144587,35-39,M,30,131091,18,34.23000026,3,1,0.00013730919742774102,1.901666681111111,34.23000026,0.16666666666666666,0.3333333333333333,click_through,100.0,100.0,2.9214139421686354,192.14139421686352
1121381,1178,144587,35-39,M,30,95691,15,25.26000011,1,1,0.00015675455371978557,1.6840000073333334,25.26000011,0.06666666666666667,1.0,click_through,100.0,100.0,3.9588281696171377,295.8828169617138
1121390,1178,144588,35-39,M,31,15513,1,1.289999962,1,0,6.44620640752917e-05,1.289999962,,1.0,0.0,click_through,100.0,0.0,0.0,-100.0
1121391,1178,144589,35-39,M,32,382537,63,113.9900012,4,3,0.00016468995156024123,1.8093650984126983,37.99666706666667,0.06349206349206349,0.75,click_through,100.0,300.0,2.631809780172193,163.1809780172193
1121394,1178,144589,35-39,M,32,461356,64,121.0999982,6,3,0.0001387215079027909,1.892187471875,40.36666606666667,0.09375,0.5,click_through,100.0,300.0,2.4772915314543744,147.72915314543744
1121395,1178,144589,35-39,M,32,392541,53,98.70000017,3,2,0.00013501774336948242,1.8622641541509433,49.350000085,0.05660377358490566,0.6666666666666666,click_through,100.0,200.0,2.0263424483842125,102.63424483842127
1121398,1178,144590,35-39,M,36,35088,5,8.800000072,1,1,0.00014249886000911993,1.7600000143999999,8.800000072,0.2,1.0,click_through,100.0,100.0,11.363636270661159,1036.3636270661157
1121400,1178,144590,35-39,M,36,53933,6,9.929999948,3,1,0.00011124914245452691,1.6549999913333335,9.929999948,0.5,0.3333333333333333,click_through,100.0,100.0,10.07049350691497,907.0493506914969
1121403,1178,144591,35-39,M,63,228861,33,53.38999939,4,2,0.0001441923263465597,1.6178787693939394,26.694999695,0.12121212121212122,0.5,click_through,100.0,200.0,3.7460198967048535,274.60198967048535
1121405,1178,144591,35-39,M,63,20959,2,3.769999981,1,1,9.542440001908489e-05,1.8849999905,3.769999981,0.5,1.0,click_through,100.0,100.0,26.52519907267342,2552.519907267342
1121410,1178,144592,35-39,M,64,24992,2,3.190000057,1,0,8.002560819462228e-05,1.5950000285,,0.5,0.0,click_through,100.0,0.0,0.0,-100.0
1121411,1178,144592,35-39,M,64,100351,15,24.17999995,2,1,0.00014947534155115546,1.6119999966666667,24.17999995,0.13333333333333333,0.5,click_through,100.0,100.0,4.135649305491417,313.56493054914176
1121412,1178,144592,35-39,M,64,292448,43,76.89999968,2,1,0.00014703468650837073,1.7883720855813952,76.89999968,0.046511627906976744,0.5,click_through,100.0,100.0,1.300390122446357,30.039012244635693
1121413,1178,144592,35-39,M,64,65060,7,14.5200001,1,1,0.00010759299108515216,2.0742857285714287,14.5200001,0.14285714285714285,1.0,click_through,100.0,100.0,6.887052294166306,588.7052294166306
1121414,1178,144592,35-39,M,64,133316,21,36.17000055,2,0,0.00015752047766209607,1.7223809785714284,,0.09523809523809523,0.0,click_through,100.0,0.0,0.0,-100.0
1121415,1178,144593,35-39,M,65,113501,26,38.44000077,5,4,0.00022907287160465545,1.478461568076923,9.6100001925,0.19230769230769232,0.8,click_through,100.0,400.0,10.405827054826046,940.5827054826046
1121418,1178,144593,35-39,M,65,192810,41,61.92999995,4,3,0.0002126445723769514,1.5104878036585367,20.643333316666666,0.0975609756097561,0.75,click_through,100.0,300.0,4.844178915585482,384.41789155854826
1121421,1178,144594,35-39,M,2,233404,43,70.4100008,2,1,0.00018422991893883567,1.6374418790697676,70.4100008,0.046511627906976744,0.5,click_through,100.0,100.0,1.4202527888623457,42.02527888623457
1121422,1178,144594,35-39,M,2,128843,24,37.5999999,2,0,0.00018627321623991992,1.5666666625,,0.08333333333333333,0.0,click_through,100.0,0.0,0.0,-100.0
1121423,1178,144594,35-39,M,2,63564,12,20.59000027,2,0,0.00018878610534264677,1.7158333558333334,,0.16666666666666666,0.0,click_through,100.0,0.0,0.0,-100.0
1121425,1178,144594,35-39,M,2,85970,14,24.78000021,1,1,0.00016284750494358497,1.7700000150000001,24.78000021,0.07142857142857142,1.0,click_through,100.0,100.0,4.035512475889523,303.5512475889523
1121428,1178,144595,35-39,M,7,131232,16,29.53999937,1,1,0.000121921482565228,1.846249960625,29.53999937,0.0625,1.0,click_through,100.0,100.0,3.3852404242620673,238.52404242620673
1121429,1178,144595,35-39,M,7,152454,22,37.84999979,1,1,0.0001443058233959096,1.7204545359090908,37.84999979,0.045454545454545456,1.0,click_through,100.0,100.0,2.642007940682211,164.20079406822106
1121430,1178,144595,35-39,M,7,28989,2,2.290000021,1,0,6.899168650177653e-05,1.1450000105,,0.5,0.0,click_through,100.0,0.0,0.0,-100.0
1121433,1178,144596,35-39,M,66,80248,15,24.1900003,1,1,0.00018692054630645,1.6126666866666668,24.1900003,0.06666666666666667,1.0,click_through,100.0,100.0,4.13393959321282,313.39395932128195
1121437,1178,144596,35-39,M,66,38580,5,8.519999981,1,0,0.00012960082944530845,1.7039999961999999,,0.2,0.0,click_through,100.0,0.0,0.0,-100.0
1121439,1178,144597,40-44,M,10,621591,91,163.36,5,1,0.00014639851606603057,1.7951648351648353,163.36,0.054945054945054944,0.2,click_through,100.0,100.0,0.6121449559255632,-38.78550440744369
1121440,1178,144597,40-44,M,10,250499,36,58.14000005,3,1,0.00014371314855548325,1.6150000013888888,58.14000005,0.08333333333333333,0.3333333333333333,click_through,100.0,100.0,1.7199862386309028,71.99862386309029
1121442,1178,144597,40-44,M,10,131637,18,29.30999982,2,1,0.0001367396704573942,1.6283333233333335,29.30999982,0.1111111111111111,0.5,click_through,100.0,100.0,3.4118048657156215,241.18048657156214
1121443,1178,144597,40-44,M,10,463813,69,116.3399996,4,2,0.00014876685215808958,1.6860869507246377,58.1699998,0.057971014492753624,0.5,click_through,100.0,200.0,1.7190991979339838,71.90991979339839
1121444,1178,144597,40-44,M,10,211767,35,60.89999914,5,1,0.0001652759872879155,1.7399999754285713,60.89999914,0.14285714285714285,0.2,click_through,100.0,100.0,1.6420361479827765,64.20361479827766
1121446,1178,144598,40-44,M,15,163181,26,40.02000093,1,1,0.00015933227520360826,1.539230805,40.02000093,0.038461538461538464,1.0,click_through,100.0,100.0,2.498750566620739,149.8750566620739
1121451,1178,144599,40-44,M,16,1117385,147,260.0699984,11,2,0.00013155716248204513,1.769183662585034,130.0349992,0.07482993197278912,0.18181818181818182,click_through,100.0,200.0,0.7690237291130771,-23.09762708869228
1121452,1178,144599,40-44,M,16,1663441,205,359.4700001,17,6,0.00012323851582352486,1.7535121956097561,59.91166668333333,0.08292682926829269,0.35294117647058826,click_through,100.0,600.0,1.6691239876292532,66.9123987629253
1121453,1178,144599,40-44,M,16,455248,54,105.7099996,5,2,0.00011861666608090535,1.9575925851851852,52.8549998,0.09259259259259259,0.4,click_through,100.0,200.0,1.8919686004804412,89.19686004804412
1121454,1178,144599,40-44,M,16,75589,6,10.66000009,1,1,7.93766288745717e-05,1.7766666816666667,10.66000009,0.16666666666666666,1.0,click_through,100.0,100.0,9.380862960199092,838.0862960199092
1121455,1178,144599,40-44,M,16,594267,82,143.3000009,3,2,0.000137985114435094,1.7475609865853656,71.65000045,0.036585365853658534,0.6666666666666666,click_through,100.0,200.0,1.3956734036559244,39.567340365592436
1121456,1178,144599,40-44,M,16,315281,35,65.02999854,1,0,0.00011101208128621769,1.857999958285714,,0.02857142857142857,0.0,click_through,100.0,0.0,0.0,-100.0
1121464,1178,144601,40-44,M,19,363456,71,117.5599997,7,1,0.000195346892058461,1.655774643661972,117.5599997,0.09859154929577464,0.14285714285714285,click_through,100.0,100.0,0.850629467975407,-14.93705320245931
1121466,1178,144601,40-44,M,19,438983,81,143.4300001,3,1,0.00018451739589004585,1.7707407419753087,143.4300001,0.037037037037037035,0.3333333333333333,click_through,100.0,100.0,0.6972042106273414,-30.27957893726586
1121467,1178,144601,40-44,M,19,42563,5,9.659999847,1,1,0.00011747292249136574,1.9319999694,9.659999847,0.2,1.0,click_through,100.0,100.0,10.35196703766573,935.1967037665733
1121469,1178,144602,40-44,M,20,399035,75,124.7999995,7,3,0.00018795343766837497,1.6639999933333334,41.599999833333335,0.09333333333333334,0.42857142857142855,click_through,100.0,300.0,2.4038461634769477,140.38461634769476
1121471,1178,144602,40-44,M,20,304680,59,98.55000019,3,0,0.00019364579230668241,1.6703389862711866,,0.05084745762711865,0.0,click_through,100.0,0.0,0.0,-100.0
1121472,1178,144602,40-44,M,20,140596,23,40.77000022,1,0,0.00016358929130273978,1.7726087052173913,,0.043478260869565216,0.0,click_through,100.0,0.0,0.0,-100.0
1121473,1178,144602,40-44,M,20,439986,80,134.8799999,4,3,0.00018182396712622674,1.68599999875,44.959999966666665,0.05,0.75,click_through,100.0,300.0,2.2241992899052487,122.41992899052485
1121474,1178,144602,40-44,M,20,75803,11,19.3599999,2,2,0.00014511299025104547,1.7599999909090907,9.67999995,0.18181818181818182,1.0,click_through,100.0,200.0,10.330578565757122,933.0578565757122
1121477,1178,144603,40-44,M,21,7073,0,0.0,1,0,0.0,,,,0.0,view_through,100.0,0.0,,
1121481,1178,144604,40-44,M,22,153586,28,43.01000035,2,0,0.00018230828330707225,1.5360714410714285,,0.07142857142857142,0.0,click_through,100.0,0.0,0.0,-100.0
1121482,1178,144604,40-44,M,22,180815,31,42.62999976,1,0,0.00017144595304593093,1.375161282580645,,0.03225806451612903,0.0,click_through,100.0,0.0,0.0,-100.0
1121483,1178,144604,40-44,M,22,253169,51,75.78999984,1,0,0.000201446464614546,1.486078428235294,,0.0196078431372549,0.0,click_through,100.0,0.0,0.0,-100.0
1121484,1178,144604,40-44,M,22,34453,5,7.710000038,1,1,0.00014512524308478217,1.5420000076,7.710000038,0.2,1.0,click_through,100.0,100.0,12.970168548266354,1197.0168548266354
1121487,1178,144605,40-44,M,23,51550,8,14.03999984,1,0,0.00015518913676042676,1.75499998,,0.125,0.0,click_through,100.0,0.0,0.0,-100.0
1121489,1178,144605,40-44,M,23,110018,24,39.85999966,1,0,0.00021814612154374738,1.6608333191666667,,0.041666666666666664,0.0,click_through,100.0,0.0,0.0,-100.0
1121493,1178,144606,40-44,M,24,137584,21,36.77999961,1,0,0.00015263402721246656,1.7514285528571427,,0.047619047619047616,0.0,click_through,100.0,0.0,0.0,-100.0
1121497,1178,144606,40-44,M,24,209825,30,54.86999953,1,0,0.0001429762897652806,1.8289999843333333,,0.03333333333333333,0.0,click_through,100.0,0.0,0.0,-100.0
1121499,1178,144607,40-44,M,25,264222,63,87.7899996,1,1,0.0002384358607534573,1.393492057142857,87.7899996,0.015873015873015872,1.0,click_through,100.0,100.0,1.1390819051786394,13.908190517863947
1121510,1178,144608,40-44,M,26,31202,5,6.730000019,1,0,0.00016024613806807256,1.3460000038,,0.2,0.0,click_through,100.0,0.0,0.0,-100.0
1121511,1178,144609,40-44,M,27,252991,49,76.83999932,3,0,0.00019368277922930064,1.5681632514285715,,0.061224489795918366,0.0,click_through,100.0,0.0,0.0,-100.0
1121514,1178,144609,40-44,M,27,56265,9,15.53999972,1,0,0.00015995734470807785,1.7266666355555556,,0.1111111111111111,0.0,click_through,100.0,0.0,0.0,-100.0
1121523,1178,144611,40-44,M,29,76923,11,17.67000008,2,2,0.000143000143000143,1.6063636436363637,8.83500004,0.18181818181818182,1.0,click_through,100.0,200.0,11.318619077221872,1031.8619077221872
1121524,1178,144611,40-44,M,29,209332,30,49.60000014,3,1,0.00014331301473257793,1.653333338,49.60000014,0.1,0.3333333333333333,click_through,100.0,100.0,2.016129026567378,101.61290265673777
1121525,1178,144611,40-44,M,29,214094,31,53.26999903,1,0,0.00014479621101011705,1.718387065483871,,0.03225806451612903,0.0,click_through,100.0,0.0,0.0,-100.0
1121526,1178,144611,40-44,M,29,526209,85,126.9299996,3,2,0.00016153277500004752,1.4932941129411765,63.4649998,0.03529411764705882,0.6666666666666666,click_through,100.0,200.0,1.5756716349977835,57.56716349977834
1121527,1178,144611,40-44,M,29,741143,120,179.620001,4,1,0.00016191207364840522,1.4968333416666666,179.620001,0.03333333333333333,0.25,click_through,100.0,100.0,0.5567308731949067,-44.32691268050934
1121528,1178,144611,40-44,M,29,172827,25,38.42000043,2,0,0.0001446533238440753,1.5368000172,,0.08,0.0,click_through,100.0,0.0,0.0,-100.0
1121530,1178,144612,40-44,M,30,188873,38,58.5999999,1,1,0.0002011933945031847,1.5421052605263157,58.5999999,0.02631578947368421,1.0,click_through,100.0,100.0,1.706484644550315,70.64846445503152
1121532,1178,144612,40-44,M,30,123126,25,39.72999978,2,1,0.000203044036190569,1.5891999912,39.72999978,0.08,0.5,click_through,100.0,100.0,2.516989694279832,151.69896942798323
1121535,1178,144613,40-44,M,31,77794,14,19.11000001,1,1,0.00017996246497159165,1.3650000007142857,19.11000001,0.07142857142857142,1.0,click_through,100.0,100.0,5.232862372981233,423.2862372981234
1121541,1178,144614,40-44,M,32,56630,9,15.81000018,1,1,0.00015892636411795867,1.7566666866666667,15.81000018,0.1111111111111111,1.0,click_through,100.0,100.0,6.3251106174244205,532.511061742442
1121544,1178,144614,40-44,M,32,400844,85,140.9700022,4,2,0.0002120525690792428,1.6584706141176473,70.4850011,0.047058823529411764,0.5,click_through,100.0,200.0,1.418741554080787,41.874155408078714
1121545,1178,144614,40-44,M,32,208572,36,60.76000023,2,1,0.00017260226684310455,1.6877777841666668,60.76000023,0.05555555555555555,0.5,click_through,100.0,100.0,1.6458196119397874,64.58196119397874
1121548,1178,144615,40-44,M,36,59004,8,13.51000011,1,0,0.00013558402820147786,1.68875001375,,0.125,0.0,click_through,100.0,0.0,0.0,-100.0
1121551,1178,144615,40-44,M,36,196253,32,55.10000002,1,0,0.0001630548322828186,1.721875000625,,0.03125,0.0,click_through,100.0,0.0,0.0,-100.0
1121554,1178,144616,40-44,M,63,51858,8,12.63000011,1,1,0.0001542674225770373,1.57875001375,12.63000011,0.125,1.0,click_through,100.0,100.0,7.917656304755171,691.7656304755171
1121557,1178,144616,40-44,M,63,280764,49,81.36000025,2,1,0.00017452379934749469,1.6604081683673468,81.36000025,0.04081632653061224,0.5,click_through,100.0,100.0,1.2291052076293474,22.910520762934734
1121561,1178,144617,40-44,M,64,63660,11,16.47000003,1,1,0.00017279296261388626,1.4972727300000002,16.47000003,0.09090909090909091,1.0,click_through,100.0,100.0,6.071645404848247,507.1645404848248
1121562,1178,144617,40-44,M,64,109289,19,31.02999997,1,0,0.00017385098225804977,1.6331578931578947,,0.05263157894736842,0.0,click_through,100.0,0.0,0.0,-100.0
1121568,1178,144618,40-44,M,65,188440,40,60.72999966,2,1,0.00021226915729144556,1.5182499914999998,60.72999966,0.05,0.5,click_through,100.0,100.0,1.6466326454776075,64.66326454776075
1121571,1178,144619,40-44,M,2,212496,44,74.83000135,2,1,0.000207062721180634,1.7006818488636364,74.83000135,0.045454545454545456,0.5,click_through,100.0,100.0,1.336362397379537,33.6362397379537
1121572,1178,144619,40-44,M,2,32574,5,7.480000019,1,0,0.00015349665377294776,1.4960000038,,0.2,0.0,click_through,100.0,0.0,0.0,-100.0
1121575,1178,144619,40-44,M,2,128595,23,36.4800005,1,1,0.00017885609860414478,1.5860869782608698,36.4800005,0.043478260869565216,1.0,click_through,100.0,100.0,2.7412280326037823,174.12280326037825
1121577,1178,144620,40-44,M,7,242234,48,68.06000054,2,0,0.0001981555025306109,1.4179166779166668,,0.041666666666666664,0.0,click_through,100.0,0.0,0.0,-100.0
1121584,1178,144621,40-44,M,66,33154,5,7.879999995,1,1,0.00015081136514447728,1.575999999,7.879999995,0.2,1.0,click_through,100.0,100.0,12.690355338001494,1169.0355338001493
1121585,1178,144621,40-44,M,66,9773,1,1.460000038,1,0,0.00010232272587741738,1.460000038,,1.0,0.0,click_through,100.0,0.0,0.0,-100.0
1121589,1178,144622,45-49,M,10,464036,77,123.5500004,3,1,0.00016593540156367178,1.6045454597402597,123.5500004,0.03896103896103896,0.3333333333333333,click_through,100.0,100.0,0.8093889087514725,-19.06110912485274
1121590,1178,144622,45-49,M,10,478480,75,135.7500012,3,1,0.00015674636348436715,1.8100000160000003,135.7500012,0.04,0.3333333333333333,click_through,100.0,100.0,0.7366482439485974,-26.33517560514026
1121592,1178,144622,45-49,M,10,428812,66,116.8800001,4,2,0.00015391360316409055,1.7709090924242425,58.44000005,0.06060606060606061,0.5,click_through,100.0,200.0,1.7111567404935346,71.11567404935346
1121593,1178,144622,45-49,M,10,1177535,221,365.6600009,15,3,0.00018768019634235925,1.6545701398190045,121.88666696666667,0.06787330316742081,0.2,click_through,100.0,300.0,0.8204342811945773,-17.956571880542267
1121594,1178,144622,45-49,M,10,426500,72,128.2799988,4,1,0.00016881594372801875,1.7816666499999998,128.2799988,0.05555555555555555,0.25,click_through,100.0,100.0,0.7795447531606932,-22.045524683930687
1121597,1178,144623,45-49,M,15,54237,7,10.77999985,2,1,0.00012906318564817376,1.5399999785714285,10.77999985,0.2857142857142857,0.5,click_through,100.0,100.0,9.27643797694487,827.6437976944871
1121598,1178,144623,45-49,M,15,506916,89,133.6999986,2,2,0.0001755714950800527,1.5022471752808988,66.8499993,0.02247191011235955,1.0,click_through,100.0,200.0,1.4958863283039707,49.58863283039707
1121599,1178,144623,45-49,M,15,250960,42,64.87999952,2,0,0.0001673573477845075,1.5447618933333334,,0.047619047619047616,0.0,click_through,100.0,0.0,0.0,-100.0
1121601,1178,144624,45-49,M,16,2286228,353,603.380002,16,7,0.000154402797971156,1.7092917903682718,86.19714314285714,0.0453257790368272,0.4375,click_through,100.0,700.0,1.1601312567200397,16.013125672003962
1121602,1178,144624,45-49,M,16,915451,125,220.559999,6,1,0.00013654471948799007,1.764479992,220.559999,0.048,0.16666666666666666,click_through,100.0,100.0,0.4533913694840015,-54.66086305159985
1121603,1178,144624,45-49,M,16,159478,20,33.89999998,3,1,0.0001254091473432072,1.6949999989999998,33.89999998,0.15,0.3333333333333333,click_through,100.0,100.0,2.9498525091149577,194.98525091149577
1121605,1178,144624,45-49,M,16,1228924,190,318.9700032,6,3,0.00015460679423625871,1.6787894905263159,106.32333440000001,0.031578947368421054,0.5,click_through,100.0,300.0,0.9405273128830692,-5.947268711693077
1121606,1178,144624,45-49,M,16,938283,134,248.6400001,7,2,0.00014281405503456846,1.8555223888059702,124.32000005,0.05223880597014925,0.2857142857142857,click_through,100.0,200.0,0.8043758040522941,-19.562419594770585
1121607,1178,144625,45-49,M,18,154572,26,40.93000007,1,1,0.0001682064021944466,1.5742307719230768,40.93000007,0.038461538461538464,1.0,click_through,100.0,100.0,2.4431956957971246,144.31956957971246
1121609,1178,144625,45-49,M,18,378171,70,109.2500008,1,0,0.00018510144881548295,1.5607142971428571,,0.014285714285714285,0.0,click_through,100.0,0.0,0.0,-100.0
1121612,1178,144625,45-49,M,18,468749,84,134.1199975,6,1,0.00017920038229414888,1.596666636904762,134.1199975,0.07142857142857142,0.16666666666666666,click_through,100.0,100.0,0.7456009682672413,-25.439903173275862
1121613,1178,144626,45-49,M,19,309823,60,103.3899996,4,4,0.00019365896011593717,1.72316666,25.8474999,0.06666666666666667,1.0,click_through,100.0,400.0,3.868846131613681,286.88461316136807
1121615,1178,144626,45-49,M,19,327227,65,116.5599996,5,0,0.00019863886537480098,1.793230763076923,,0.07692307692307693,0.0,click_through,100.0,0.0,0.0,-100.0
1121616,1178,144626,45-49,M,19,334945,72,120.2999994,2,1,0.00021496066518383614,1.670833325,120.2999994,0.027777777777777776,0.5,click_through,100.0,100.0,0.8312551994908821,-16.874480050911792
1121617,1178,144626,45-49,M,19,68859,15,25.45999968,1,0,0.00021783644839454538,1.697333312,,0.06666666666666667,0.0,click_through,100.0,0.0,0.0,-100.0
1121619,1178,144627,45-49,M,20,127125,20,35.67999983,2,0,0.00015732546705998033,1.7839999915,,0.1,0.0,click_through,100.0,0.0,0.0,-100.0
1121620,1178,144627,45-49,M,20,415798,80,131.7800006,3,1,0.00019240111785049472,1.6472500074999998,131.7800006,0.0375,0.3333333333333333,click_through,100.0,100.0,0.7588404882736053,-24.115951172639466
1121622,1178,144627,45-49,M,20,107671,20,29.91000021,1,1,0.00018575103788392416,1.4955000105,29.91000021,0.05,1.0,click_through,100.0,100.0,3.34336340013018,234.33634001301803
1121623,1178,144627,45-49,M,20,164356,28,46.7900002,2,1,0.00017036189734478813,1.6710714357142857,46.7900002,0.07142857142857142,0.5,click_through,100.0,100.0,2.137208796164955,113.72087961649548
1121624,1178,144627,45-49,M,20,17662,2,3.189999938,1,0,0.00011323745895142112,1.594999969,,0.5,0.0,click_through,100.0,0.0,0.0,-100.0
1121627,1178,144628,45-49,M,21,65339,10,16.67999983,2,0,0.0001530479499227108,1.667999983,,0.2,0.0,click_through,100.0,0.0,0.0,-100.0
1121628,1178,144628,45-49,M,21,59838,7,11.11000013,1,0,0.00011698251946923359,1.5871428757142856,,0.14285714285714285,0.0,click_through,100.0,0.0,0.0,-100.0
1121629,1178,144628,45-49,M,21,381577,81,127.5699993,2,0,0.00021227694541337658,1.5749382629629631,,0.024691358024691357,0.0,click_through,100.0,0.0,0.0,-100.0
1121635,1178,144629,45-49,M,22,45491,8,11.00999999,1,0,0.00017585896111318723,1.37624999875,,0.125,0.0,click_through,100.0,0.0,0.0,-100.0
1121638,1178,144630,45-49,M,23,18946,2,3.599999905,1,0,0.00010556317956296844,1.7999999525,,0.5,0.0,click_through,100.0,0.0,0.0,-100.0
1121641,1178,144630,45-49,M,23,114370,18,33.65999997,1,0,0.00015738392935210282,1.8699999983333333,,0.05555555555555555,0.0,click_through,100.0,0.0,0.0,-100.0
1121642,1178,144630,45-49,M,23,99698,21,33.3499999,1,0,0.00021063612108567875,1.5880952333333334,,0.047619047619047616,0.0,click_through,100.0,0.0,0.0,-100.0
1121644,1178,144631,45-49,M,24,355165,81,128.6099997,4,3,0.00022806301296580462,1.5877777740740742,42.8699999,0.04938271604938271,0.75,click_through,100.0,300.0,2.3326335487115313,133.26335487115315
1121650,1178,144632,45-49,M,25,101431,23,33.93000031,1,1,0.00022675513403200206,1.4752174047826085,33.93000031,0.043478260869565216,1.0,click_through,100.0,100.0,2.9472442996273,194.72442996272997
1121652,1178,144632,45-49,M,25,123151,24,36.4400003,2,1,0.000194882704971945,1.5183333458333335,36.4400003,0.08333333333333333,0.5,click_through,100.0,100.0,2.7442370794931086,174.42370794931085
1121660,1178,144633,45-49,M,26,24078,4,5.769999981,1,0,0.00016612675471384668,1.44249999525,,0.25,0.0,click_through,100.0,0.0,0.0,-100.0
1121661,1178,144634,45-49,M,27,517801,105,181.7200011,3,0,0.00020278060490420066,1.7306666771428572,,0.02857142857142857,0.0,click_through,100.0,0.0,0.0,-100.0
1121662,1178,144634,45-49,M,27,145104,25,41.42000008,2,1,0.00017229021942882346,1.6568000032,41.42000008,0.08,0.5,click_through,100.0,100.0,2.4142926076015594,141.42926076015593
1121664,1178,144634,45-49,M,27,179950,35,58.67999971,1,0,0.00019449847179772158,1.6765714202857143,,0.02857142857142857,0.0,click_through,100.0,0.0,0.0,-100.0
1121665,1178,144634,45-49,M,27,258531,46,80.33999979,2,0,0.0001779283722261547,1.7465217345652173,,0.043478260869565216,0.0,click_through,100.0,0.0,0.0,-100.0
1121666,1178,144634,45-49,M,27,272500,62,104.4599996,3,0,0.0002275229357798165,1.6848387032258065,,0.04838709677419355,0.0,click_through,100.0,0.0,0.0,-100.0
1121667,1178,144635,45-49,M,28,273197,57,87.7300005,3,0,0.0002086406512516609,1.5391228157894736,,0.05263157894736842,0.0,click_through,100.0,0.0,0.0,-100.0
1121668,1178,144635,45-49,M,28,775904,172,253.990002,4,2,0.00022167690848352373,1.476686058139535,126.995001,0.023255813953488372,0.5,click_through,100.0,200.0,0.7874325698851721,-21.256743011482794
1121669,1178,144635,45-49,M,28,120251,26,39.44000006,1,0,0.00021621441817531664,1.5169230792307693,,0.038461538461538464,0.0,click_through,100.0,0.0,0.0,-100.0
1121671,1178,144635,45-49,M,28,139406,24,39.04999948,1,0,0.00017215901754587322,1.6270833116666665,,0.041666666666666664,0.0,click_through,100.0,0.0,0.0,-100.0
1121672,1178,144635,45-49,M,28,60314,11,16.93999958,2,1,0.00018237888384123088,1.5399999618181817,16.93999958,0.18181818181818182,0.5,click_through,100.0,100.0,5.90318786772957,490.3187867729569
1121673,1178,144636,45-49,M,29,563074,86,142.7099985,4,2,0.00015273303331356092,1.6594185872093024,71.35499925,0.046511627906976744,0.5,click_through,100.0,200.0,1.401443501521724,40.1443501521724
1121674,1178,144636,45-49,M,29,168655,18,27.29999983,2,0,0.00010672674987400314,1.5166666572222223,,0.1111111111111111,0.0,click_through,100.0,0.0,0.0,-100.0
1121675,1178,144636,45-49,M,29,111963,17,29.3799994,2,1,0.00015183587435134823,1.7282352588235295,29.3799994,0.11764705882352941,0.5,click_through,100.0,100.0,3.4036760395577135,240.36760395577136
1121676,1178,144636,45-49,M,29,1026304,168,277.5799986,17,8,0.00016369418807682715,1.6522618964285716,34.697499825,0.10119047619047619,0.47058823529411764,click_through,100.0,800.0,2.8820520355748713,188.20520355748718
1121677,1178,144636,45-49,M,29,1391924,258,422.8400038,17,10,0.00018535494754023927,1.6389147434108526,42.284000379999995,0.06589147286821706,0.5882352941176471,click_through,100.0,1000.0,2.3649607203981393,136.49607203981395
1121678,1178,144636,45-49,M,29,147551,22,38.50000083,1,0,0.00014910098881064853,1.7500000377272726,,0.045454545454545456,0.0,click_through,100.0,0.0,0.0,-100.0
1121685,1178,144638,45-49,M,31,66794,9,17.3299998,1,1,0.00013474264155463066,1.9255555333333332,17.3299998,0.1111111111111111,1.0,click_through,100.0,100.0,5.770340516680214,477.03405166802145
1121687,1178,144638,45-49,M,31,118882,19,32.30999994,2,1,0.00015982234484614996,1.7005263126315788,32.30999994,0.10526315789473684,0.5,click_through,100.0,100.0,3.0950170283411027,209.50170283411026
1121689,1178,144638,45-49,M,31,148010,24,41.96999943,1,0,0.00016215120599959463,1.74874997625,,0.041666666666666664,0.0,click_through,100.0,0.0,0.0,-100.0
1121691,1178,144639,45-49,M,32,932890,197,352.4499989,3,1,0.00021117173514562275,1.7890862888324874,352.4499989,0.015228426395939087,0.3333333333333333,click_through,100.0,100.0,0.2837281892810356,-71.62718107189644
1121692,1178,144639,45-49,M,32,718359,147,264.5899997,4,1,0.00020463305951481085,1.7999319707482995,264.5899997,0.027210884353741496,0.25,click_through,100.0,100.0,0.3779432333549377,-62.20567666450623
1121693,1178,144639,45-49,M,32,433658,82,158.5999998,5,2,0.00018908909786052603,1.9341463390243903,79.2999999,0.06097560975609756,0.4,click_through,100.0,200.0,1.2610340495095007,26.103404950950065
1121695,1178,144639,45-49,M,32,29455,3,4.769999981,1,0,0.00010185028008827024,1.5899999936666667,,0.3333333333333333,0.0,click_through,100.0,0.0,0.0,-100.0
1121701,1178,144640,45-49,M,36,23973,3,4.820000052,1,1,0.00012514078338130396,1.6066666840000001,4.820000052,0.3333333333333333,1.0,click_through,100.0,100.0,20.746887742979634,1974.6887742979634
1121705,1178,144641,45-49,M,63,126480,25,37.25999999,1,1,0.00019765970904490828,1.4903999996,37.25999999,0.04,1.0,click_through,100.0,100.0,2.68384326427371,168.38432642737104
1121706,1178,144641,45-49,M,63,138959,28,39.5200007,1,0,0.00020149828366640519,1.4114285964285713,,0.03571428571428571,0.0,click_through,100.0,0.0,0.0,-100.0
1121708,1178,144641,45-49,M,63,68829,12,19.47999978,1,0,0.00017434511615743365,1.623333315,,0.08333333333333333,0.0,click_through,100.0,0.0,0.0,-100.0
1121711,1178,144642,45-49,M,64,49916,10,16.38,1,1,0.00020033656542992227,1.638,16.38,0.1,1.0,click_through,100.0,100.0,6.1050061050061055,510.50061050061055
1121716,1178,144643,45-49,M,65,76014,16,22.67000031,1,1,0.00021048754176862156,1.416875019375,22.67000031,0.0625,1.0,click_through,100.0,100.0,4.411115952031498,341.11159520314976
1121723,1178,144644,45-49,M,2,50947,10,15.99000025,1,0,0.00019628241113313835,1.599000025,,0.1,0.0,click_through,100.0,0.0,0.0,-100.0
1121733,1178,144646,45-49,M,66,55536,11,17.04999995,1,0,0.00019806972054163066,1.5499999954545454,,0.09090909090909091,0.0,click_through,100.0,0.0,0.0,-100.0
1121741,1178,144647,30-34,F,10,318042,46,64.40999997,8,4,0.00014463498531640476,1.400217390652174,16.1024999925,0.17391304347826086,0.5,click_through,100.0,400.0,6.210215807891732,521.0215807891732
1121742,1178,144647,30-34,F,10,213016,30,44.21999955,8,2,0.0001408344913058174,1.4739999849999998,22.109999775,0.26666666666666666,0.25,click_through,100.0,200.0,4.522840389762058,352.28403897620575
1121745,1178,144648,30-34,F,15,182265,27,38.18000007,2,1,0.00014813595588840424,1.4140740766666666,38.18000007,0.07407407407407407,0.5,click_through,100.0,100.0,2.619172336738029,161.91723367380288
1121746,1178,144648,30-34,F,15,1117371,177,268.050002,26,5,0.00015840754771691767,1.514406790960452,53.610000400000004,0.14689265536723164,0.19230769230769232,click_through,100.0,500.0,1.8653236197327094,86.53236197327094
1121749,1178,144648,30-34,F,15,333345,52,77.59000027,5,1,0.0001559945401910933,1.4921153898076924,77.59000027,0.09615384615384616,0.2,click_through,100.0,100.0,1.288825875138768,28.8825875138768
1121751,1178,144649,30-34,F,16,275930,30,46.77999997,5,2,0.00010872322690537456,1.5593333323333334,23.389999985,0.16666666666666666,0.4,click_through,100.0,200.0,4.275331340920478,327.53313409204776
1121753,1178,144649,30-34,F,16,740631,101,153.1199975,9,1,0.00013637020324561085,1.5160395792079209,153.1199975,0.0891089108910891,0.1111111111111111,click_through,100.0,100.0,0.6530825602971944,-34.69174397028057
1121754,1178,144649,30-34,F,16,328272,35,55.99000025,2,1,0.00010661890139883998,1.5997142928571428,55.99000025,0.05714285714285714,0.5,click_through,100.0,100.0,1.7860332122431093,78.60332122431095
1121755,1178,144649,30-34,F,16,178455,20,31.5400002,6,3,0.00011207307164271105,1.5770000100000001,10.5133334,0.3,0.5,click_through,100.0,300.0,9.511731074751228,851.1731074751228
1121756,1178,144649,30-34,F,16,705712,98,147.339999,6,1,0.00013886684653229646,1.5034693775510204,147.339999,0.061224489795918366,0.16666666666666666,click_through,100.0,100.0,0.6787023257683068,-32.12976742316932
1121758,1178,144650,30-34,F,18,690373,91,159.5700021,5,2,0.00013181280264436761,1.7535165065934066,79.78500105,0.054945054945054944,0.4,click_through,100.0,200.0,1.2533684111545174,25.33684111545173
1121759,1178,144650,30-34,F,18,515812,69,117.6299995,3,1,0.00013376966801858042,1.7047826014492753,117.6299995,0.043478260869565216,0.3333333333333333,click_through,100.0,100.0,0.8501232714873896,-14.987672851261042
1121760,1178,144650,30-34,F,18,764793,101,171.9799976,4,2,0.00013206187818141642,1.7027722534653464,85.9899988,0.039603960396039604,0.5,click_through,100.0,200.0,1.1629259378475536,16.292593784755358
1121763,1178,144651,30-34,F,19,87832,11,18.10000038,1,1,0.00012523909281355315,1.64545458,18.10000038,0.09090909090909091,1.0,click_through,100.0,100.0,5.524861762461465,452.4861762461466
1121764,1178,144651,30-34,F,19,23368,3,4.300000191,1,0,0.0001283806915439918,1.433333397,,0.3333333333333333,0.0,click_through,100.0,0.0,0.0,-100.0
1121765,1178,144651,30-34,F,19,51509,7,11.57000005,1,0,0.00013589858083053446,1.6528571500000002,,0.14285714285714285,0.0,click_through,100.0,0.0,0.0,-100.0
1121767,1178,144651,30-34,F,19,87043,16,24.48000002,2,0,0.00018381719380076514,1.53000000125,,0.125,0.0,click_through,100.0,0.0,0.0,-100.0
1121768,1178,144651,30-34,F,19,565565,113,169.6699982,7,4,0.0001998001998001998,1.5015044088495575,42.41749955,0.061946902654867256,0.5714285714285714,click_through,100.0,400.0,2.3575175590471598,135.75175590471596
1121769,1178,144652,30-34,F,20,253758,43,62.14000034,4,1,0.00016945278572498207,1.4451162869767442,62.14000034,0.09302325581395349,0.25,click_through,100.0,100.0,1.609269382891027,60.92693828910269
1121773,1178,144652,30-34,F,20,319131,51,76.68000025,6,1,0.00015980898126474708,1.5035294166666668,76.68000025,0.11764705882352941,0.16666666666666666,click_through,100.0,100.0,1.3041210181790523,30.412101817905242
1121774,1178,144652,30-34,F,20,670608,130,195.1499978,11,3,0.00019385393553312814,1.5011538292307691,65.04999926666666,0.08461538461538462,0.2727272727272727,click_through,100.0,300.0,1.5372790334717596,53.72790334717595
1121775,1178,144653,30-34,F,21,159123,25,38.36000013,5,3,0.00015711116557631517,1.5344000052000002,12.78666671,0.2,0.6,click_through,100.0,300.0,7.820646480274138,682.0646480274138
1121776,1178,144653,30-34,F,21,103709,15,24.56999969,3,1,0.00014463547040276158,1.6379999793333333,24.56999969,0.2,0.3333333333333333,click_through,100.0,100.0,4.070004121355363,307.00041213553635
1121779,1178,144653,30-34,F,21,271589,45,74.41000032,9,3,0.0001656915412627168,1.6535555626666665,24.80333344,0.2,0.3333333333333333,click_through,100.0,300.0,4.031716149843446,303.1716149843446
1121780,1178,144653,30-34,F,21,119772,20,33.46999907,5,2,0.00016698393614534283,1.6734999535,16.734999535,0.25,0.4,click_through,100.0,200.0,5.975500614198254,497.55006141982545
1121782,1178,144654,30-34,F,22,26340,3,4.220000029,1,1,0.00011389521640091117,1.4066666763333335,4.220000029,0.3333333333333333,1.0,click_through,100.0,100.0,23.696682301610476,2269.668230161047
1121783,1178,144654,30-34,F,22,594968,111,147.6700006,4,0,0.00018656465557811513,1.3303603657657659,,0.036036036036036036,0.0,click_through,100.0,0.0,0.0,-100.0
1121791,1178,144655,30-34,F,23,6838,0,0.0,1,0,0.0,,,,0.0,view_through,100.0,0.0,,
1121793,1178,144656,30-34,F,24,185665,39,62.14000058,1,0,0.00021005574556324564,1.5933333482051282,,0.02564102564102564,0.0,click_through,100.0,0.0,0.0,-100.0
1121795,1178,144656,30-34,F,24,24959,3,4.560000062,1,1,0.00012019712328218278,1.5200000206666668,4.560000062,0.3333333333333333,1.0,click_through,100.0,100.0,21.929824263234845,2092.9824263234846
1121796,1178,144656,30-34,F,24,136967,23,35.05999982,3,1,0.0001679236604437565,1.5243478182608696,35.05999982,0.13043478260869565,0.3333333333333333,click_through,100.0,100.0,2.8522532947348997,185.22532947348998
1121798,1178,144656,30-34,F,24,107548,19,29.31000018,1,0,0.00017666530293450366,1.5426315884210526,,0.05263157894736842,0.0,click_through,100.0,0.0,0.0,-100.0
1121803,1178,144657,30-34,F,25,588617,119,169.9199973,2,0,0.00020216881265746657,1.42789913697479,,0.01680672268907563,0.0,click_through,100.0,0.0,0.0,-100.0
1121806,1178,144658,30-34,F,26,190560,26,41.63,3,1,0.0001364399664147775,1.6011538461538461,41.63,0.11538461538461539,0.3333333333333333,click_through,100.0,100.0,2.402113860196973,140.21138601969733
1121807,1178,144658,30-34,F,26,373110,49,75.70000076,4,2,0.00013132856262228296,1.5448979746938774,37.85000038,0.08163265306122448,0.5,click_through,100.0,200.0,2.642007899498996,164.20078994989962
1121812,1178,144659,30-34,F,27,935646,170,256.4699982,19,6,0.00018169264871543297,1.5086470482352943,42.7449997,0.11176470588235295,0.3157894736842105,click_through,100.0,600.0,2.3394549234258153,133.9454923425815
1121814,1178,144659,30-34,F,27,2223278,421,612.3000032,38,13,0.000189360035047349,1.4543943068883611,47.10000024615385,0.09026128266033254,0.34210526315789475,click_through,100.0,1300.0,2.1231422394348276,112.31422394348274
1121815,1178,144659,30-34,F,27,240497,36,51.84000087,1,0,0.00014969001692328803,1.4400000241666666,,0.027777777777777776,0.0,click_through,100.0,0.0,0.0,-100.0
1121816,1178,144659,30-34,F,27,259984,37,54.7900002,5,0,0.00014231645024309188,1.4808108162162164,,0.13513513513513514,0.0,click_through,100.0,0.0,0.0,-100.0
1121817,1178,144660,30-34,F,28,606786,127,179.050001,11,3,0.00020929948944108795,1.4098425275590551,59.68333366666667,0.08661417322834646,0.2727272727272727,click_through,100.0,300.0,1.6755096248226213,67.55096248226215
1121818,1178,144660,30-34,F,28,83270,13,17.74000001,1,0,0.00015611865017413235,1.3646153853846152,,0.07692307692307693,0.0,click_through,100.0,0.0,0.0,-100.0
1121819,1178,144660,30-34,F,28,1189509,268,375.7199963,7,3,0.0002253030452060472,1.4019402847014926,125.23999876666666,0.026119402985074626,0.42857142857142855,click_through,100.0,300.0,0.7984669513316505,-20.15330486683495
1121820,1178,144660,30-34,F,28,11471,1,1.570000052,0,0,8.71763577717723e-05,1.570000052,,0.0,,click_through,100.0,0.0,0.0,-100.0
1121824,1178,144661,30-34,F,29,1705246,295,429.4799981,23,10,0.00017299556779491054,1.4558644003389831,42.94799981,0.07796610169491526,0.43478260869565216,click_through,100.0,1000.0,2.3283971417154574,132.83971417154572
1121826,1178,144661,30-34,F,29,418016,63,95.8500005,3,1,0.0001507119344714078,1.5214285793650792,95.8500005,0.047619047619047616,0.3333333333333333,click_through,100.0,100.0,1.043296812502364,4.329681250236412
1121827,1178,144661,30-34,F,29,30155,3,3.819999933,1,0,9.94859890565412e-05,1.273333311,,0.3333333333333333,0.0,click_through,100.0,0.0,0.0,-100.0
1121828,1178,144661,30-34,F,29,990404,153,226.5399992,12,6,0.00015448241323742635,1.4806535895424837,37.75666653333334,0.0784313725490196,0.5,click_through,100.0,600.0,2.64853889873237,164.853889873237
1121829,1178,144662,30-34,F,30,187468,34,50.72000062,2,1,0.0001813642861715066,1.491764724117647,50.72000062,0.058823529411764705,0.5,click_through,100.0,100.0,1.9716088087066745,97.16088087066747
1121832,1178,144662,30-34,F,30,208301,33,54.57000089,1,0,0.00015842458749597938,1.6536363906060607,,0.030303030303030304,0.0,click_through,100.0,0.0,0.0,-100.0
1121833,1178,144662,30-34,F,30,101856,16,25.22000039,4,1,0.00015708451146716933,1.576250024375,25.22000039,0.25,0.25,click_through,100.0,100.0,3.9651069965744754,296.51069965744756
1121835,1178,144663,30-34,F,31,48935,7,9.970000267,1,1,0.00014304689894758353,1.4242857524285715,9.970000267,0.14285714285714285,1.0,click_through,100.0,100.0,10.030090002203208,903.0090002203206
1121839,1178,144663,30-34,F,31,13911,1,1.730000019,1,1,7.188555819135935e-05,1.730000019,1.730000019,1.0,1.0,click_through,100.0,100.0,57.80346757325672,5680.346757325671
1121841,1178,144664,30-34,F,32,511726,77,123.0900019,8,4,0.0001504711505766758,1.5985714532467532,30.772500475,0.1038961038961039,0.5,click_through,100.0,400.0,3.249654674024341,224.9654674024341
1121843,1178,144664,30-34,F,32,177452,24,37.83000016,2,0,0.00013524784166986002,1.5762500066666665,,0.08333333333333333,0.0,click_through,100.0,0.0,0.0,-100.0
1121844,1178,144664,30-34,F,32,149808,20,33.03999937,1,1,0.00013350421873331198,1.6519999684999997,33.03999937,0.05,1.0,click_through,100.0,100.0,3.026634440277836,202.6634440277836
1121845,1178,144664,30-34,F,32,390339,60,105.0199997,9,6,0.00015371254217487877,1.7503333283333333,17.503333283333333,0.15,0.6666666666666666,click_through,100.0,600.0,5.7131975025134185,471.31975025134193
1121846,1178,144664,30-34,F,32,8350,0,0.0,1,0,0.0,,,,0.0,view_through,100.0,0.0,,
1121847,1178,144665,30-34,F,36,39339,4,5.929999948,1,0,0.00010168026640229797,1.482499987,,0.25,0.0,click_through,100.0,0.0,0.0,-100.0
1121854,1178,144666,30-34,F,63,8587,0,0.0,1,0,0.0,,,,0.0,view_through,100.0,0.0,,
1121855,1178,144666,30-34,F,63,24893,2,3.75,1,0,8.034387177118065e-05,1.875,,0.5,0.0,click_through,100.0,0.0,0.0,-100.0
1121856,1178,144666,30-34,F,63,1296189,212,343.2599944,14,4,0.00016355639493931826,1.619150916981132,85.8149986,0.0660377358490566,0.2857142857142857,click_through,100.0,400.0,1.1652974611829685,16.52974611829686
1121857,1178,144666,30-34,F,63,91607,12,19.1899997,2,1,0.0001309943563264816,1.5991666416666668,19.1899997,0.16666666666666666,0.5,click_through,100.0,100.0,5.211047501996574,421.10475019965736
1121859,1178,144667,30-34,F,64,238036,38,61.02999771,6,3,0.00015963971836192845,1.6060525713157896,20.34333257,0.15789473684210525,0.5,click_through,100.0,300.0,4.915615455624437,391.56154556244365
1121860,1178,144667,30-34,F,64,254344,35,56.16999996,2,1,0.00013760890762117448,1.6048571417142856,56.16999996,0.05714285714285714,0.5,click_through,100.0,100.0,1.78030977516846,78.030977516846
1121861,1178,144667,30-34,F,64,157705,23,39.23000026,2,0,0.0001458419200405821,1.7056521852173911,,0.08695652173913043,0.0,click_through,100.0,0.0,0.0,-100.0
1121862,1178,144667,30-34,F,64,411571,60,99.1799984,6,1,0.0001457828661397426,1.6529999733333334,99.1799984,0.1,0.16666666666666666,click_through,100.0,100.0,1.0082678121922615,0.8267812192261516
1121863,1178,144667,30-34,F,64,94136,11,16.17999971,1,0,0.00011685221381830543,1.4709090645454546,,0.09090909090909091,0.0,click_through,100.0,0.0,0.0,-100.0
1121867,1178,144668,30-34,F,65,82640,16,23.97000039,1,1,0.0001936108422071636,1.498125024375,23.97000039,0.0625,1.0,click_through,100.0,100.0,4.171881450686952,317.18814506869523
1121869,1178,144668,30-34,F,65,17870,2,2.620000005,1,1,0.0001119194180190263,1.3100000025,2.620000005,0.5,1.0,click_through,100.0,100.0,38.16793885845813,3716.7938858458137
1121871,1178,144669,30-34,F,2,19178,2,2.779999971,1,1,0.00010428616122640526,1.3899999855,2.779999971,0.5,1.0,click_through,100.0,100.0,35.97122339682211,3497.122339682212
1121873,1178,144669,30-34,F,2,5264,0,0.0,1,0,0.0,,,,0.0,view_through,100.0,0.0,,
1121874,1178,144669,30-34,F,2,145548,28,42.37000036,2,1,0.0001923763981641795,1.5132142985714285,42.37000036,0.07142857142857142,0.5,click_through,100.0,100.0,2.3601604708600954,136.0160470860095
1121876,1178,144669,30-34,F,2,82455,15,22.04999971,1,0,0.00018191740949608878,1.4699999806666668,,0.06666666666666667,0.0,click_through,100.0,0.0,0.0,-100.0
1121877,1178,144670,30-34,F,7,44189,7,10.31999981,2,0,0.00015841046414265993,1.4742856871428571,,0.2857142857142857,0.0,click_through,100.0,0.0,0.0,-100.0
1121878,1178,144670,30-34,F,7,45199,7,9.809999943,1,0,0.00015487068297971194,1.4014285632857142,,0.14285714285714285,0.0,click_through,100.0,0.0,0.0,-100.0
1121881,1178,144670,30-34,F,7,221843,43,63.45000076,5,0,0.0001938307722127811,1.4755814130232559,,0.11627906976744186,0.0,click_through,100.0,0.0,0.0,-100.0
1121888,1178,144671,30-34,F,66,41672,6,10.54999995,2,1,0.00014398157035899406,1.758333325,10.54999995,0.3333333333333333,0.5,click_through,100.0,100.0,9.478673030704611,847.867303070461
1121889,1178,144672,35-39,F,10,127546,25,38.94000041,2,0,0.00019600771486365703,1.5576000164000001,,0.08,0.0,click_through,100.0,0.0,0.0,-100.0
1121890,1178,144672,35-39,F,10,127865,28,38.02999961,3,1,0.0002189809564775349,1.3582142717857142,38.02999961,0.10714285714285714,0.3333333333333333,click_through,100.0,100.0,2.629503050894194,162.9503050894194
1121891,1178,144672,35-39,F,10,1025327,229,314.2999983,16,2,0.00022334338216003285,1.3724890755458516,157.14999915,0.06986899563318777,0.125,click_through,100.0,200.0,0.6363347155003786,-36.36652844996214
1121894,1178,144672,35-39,F,10,561415,124,173.76,3,0,0.00022087047905738178,1.401290322580645,,0.024193548387096774,0.0,click_through,100.0,0.0,0.0,-100.0
1121895,1178,144673,35-39,F,15,132803,25,37.32000124,2,1,0.0001882487594406753,1.4928000496000002,37.32000124,0.08,0.5,click_through,100.0,100.0,2.679528313970656,167.9528313970656
1121897,1178,144673,35-39,F,15,24664,2,2.629999995,1,1,8.10898475510866e-05,1.3149999975,2.629999995,0.5,1.0,click_through,100.0,100.0,38.022813760499645,3702.2813760499644
1121901,1178,144674,35-39,F,16,1020561,172,263.8100007,7,3,0.0001685347568641169,1.5337790738372092,87.93666689999999,0.040697674418604654,0.42857142857142855,click_through,100.0,300.0,1.1371820598308349,13.718205983083495
1121902,1178,144674,35-39,F,16,682143,114,177.1099993,6,2,0.00016712038384913427,1.5535964850877193,88.55499965,0.05263157894736842,0.3333333333333333,click_through,100.0,200.0,1.1292417186520762,12.924171865207615
1121903,1178,144674,35-39,F,16,1247717,222,343.4199994,11,4,0.00017792496215087236,1.5469369342342343,85.85499985,0.04954954954954955,0.36363636363636365,click_through,100.0,400.0,1.1647545300182072,16.47545300182072
1121904,1178,144674,35-39,F,16,146406,23,33.22999942,1,1,0.00015709738671912352,1.4447825834782608,33.22999942,0.043478260869565216,1.0,click_through,100.0,100.0,3.00932897217607,200.93289721760698
1121905,1178,144674,35-39,F,16,905699,161,234.6599982,4,1,0.00017776325247129566,1.4575155167701863,234.6599982,0.024844720496894408,0.25,click_through,100.0,100.0,0.4261484733958376,-57.38515266041624
1121906,1178,144674,35-39,F,16,1184580,194,297.8299981,14,3,0.00016377112563102533,1.5352061757731958,99.27666603333334,0.07216494845360824,0.21428571428571427,click_through,100.0,300.0,1.007286042083885,0.7286042083884996
1121907,1178,144675,35-39,F,18,98057,20,31.00999963,1,1,0.00020396300111159835,1.5504999815,31.00999963,0.05,1.0,click_through,100.0,100.0,3.2247662429269113,222.47662429269113
1121917,1178,144676,35-39,F,19,238735,56,84.65999889,4,1,0.0002345697111860431,1.5117856944642856,84.65999889,0.07142857142857142,0.25,click_through,100.0,100.0,1.1811953852011208,18.119538520112073
1121918,1178,144676,35-39,F,19,320657,77,115.8800026,2,0,0.0002401319790305529,1.5049350987012986,,0.025974025974025976,0.0,click_through,100.0,0.0,0.0,-100.0
1121925,1178,144678,35-39,F,21,244074,57,84.51000023,4,2,0.00023353573096683791,1.4826315829824561,42.255000115,0.07017543859649122,0.5,click_through,100.0,200.0,2.366583829791572,136.65838297915715
1121928,1178,144678,35-39,F,21,39146,8,13.05999959,1,0,0.0002043631533234558,1.63249994875,,0.125,0.0,click_through,100.0,0.0,0.0,-100.0
1121931,1178,144679,35-39,F,22,78468,15,23.64999962,1,0,0.000191160727940052,1.5766666413333332,,0.06666666666666667,0.0,click_through,100.0,0.0,0.0,-100.0
1121933,1178,144679,35-39,F,22,325653,63,89.35000026,2,0,0.0001934574531786902,1.4182539723809524,,0.031746031746031744,0.0,click_through,100.0,0.0,0.0,-100.0
1121935,1178,144679,35-39,F,22,66277,12,17.30000019,1,0,0.00018105828567979842,1.4416666825,,0.08333333333333333,0.0,click_through,100.0,0.0,0.0,-100.0
1121936,1178,144679,35-39,F,22,93002,16,23.33999968,1,0,0.00017203931098255953,1.45874998,,0.0625,0.0,click_through,100.0,0.0,0.0,-100.0
1121944,1178,144681,35-39,F,24,109723,27,40.9600004,1,0,0.0002460742050436098,1.517037051851852,,0.037037037037037035,0.0,click_through,100.0,0.0,0.0,-100.0
1121948,1178,144681,35-39,F,24,118941,35,50.11000001,4,1,0.00029426354242859906,1.431714286,50.11000001,0.11428571428571428,0.25,click_through,100.0,100.0,1.9956096583525025,99.56096583525026
1121949,1178,144682,35-39,F,25,221576,47,66.79000068,6,1,0.0002121168357583854,1.4210638442553192,66.79000068,0.1276595744680851,0.16666666666666666,click_through,100.0,100.0,1.4972301090265536,49.72301090265536
1121953,1178,144682,35-39,F,25,8341,1,1.639999986,1,0,0.00011988970147464332,1.639999986,,1.0,0.0,click_through,100.0,0.0,0.0,-100.0
1121954,1178,144682,35-39,F,25,120335,26,36.2299993,2,0,0.00021606348942535423,1.3934615115384617,,0.07692307692307693,0.0,click_through,100.0,0.0,0.0,-100.0
1121955,1178,144683,35-39,F,26,182098,40,62.86999989,1,1,0.00021966194027391844,1.57174999725,62.86999989,0.025,1.0,click_through,100.0,100.0,1.5905837470170863,59.058374701708615
1121956,1178,144683,35-39,F,26,227473,52,71.58000052,1,1,0.00022859855894985338,1.3765384715384614,71.58000052,0.019230769230769232,1.0,click_through,100.0,100.0,1.3970382686999177,39.70382686999176
1121962,1178,144684,35-39,F,27,1050947,230,350.5099957,6,1,0.00021885023697674574,1.5239565030434783,350.5099957,0.02608695652173913,0.16666666666666666,click_through,100.0,100.0,0.285298568448215,-71.4701431551785
1121963,1178,144684,35-39,F,27,720859,162,213.6899986,13,5,0.00022473188237921702,1.3190740654320987,42.73799972,0.08024691358024691,0.38461538461538464,click_through,100.0,500.0,2.3398380985342007,133.9838098534201
1121971,1178,144685,35-39,F,28,41111,8,10.96000016,1,0,0.00019459512052735276,1.37000002,,0.125,0.0,click_through,100.0,0.0,0.0,-100.0
1121973,1178,144686,35-39,F,29,148616,25,37.39999962,6,4,0.00016821876513968887,1.4959999848,9.349999905,0.24,0.6666666666666666,click_through,100.0,400.0,10.695187274443079,969.5187274443078
1121976,1178,144686,35-39,F,29,707260,135,210.8200028,13,6,0.00019087747080281651,1.5616296503703704,35.13666713333333,0.0962962962962963,0.46153846153846156,click_through,100.0,600.0,2.8460297506456538,184.60297506456536
1121977,1178,144686,35-39,F,29,139596,26,42.41000032,1,1,0.00018625175506461504,1.6311538584615386,42.41000032,0.038461538461538464,1.0,click_through,100.0,100.0,2.3579344316307704,135.79344316307703
1121983,1178,144687,35-39,F,30,105399,22,33.19999933,2,0,0.00020873063311796126,1.5090908786363635,,0.09090909090909091,0.0,click_through,100.0,0.0,0.0,-100.0
1121994,1178,144689,35-39,F,32,222378,50,72.91000104,1,0,0.00022484238548777308,1.4582000207999999,,0.02,0.0,click_through,100.0,0.0,0.0,-100.0
1122003,1178,144691,35-39,F,63,975792,210,293.8800011,10,4,0.00021520979880958237,1.3994285766666668,73.470000275,0.047619047619047616,0.4,click_through,100.0,400.0,1.3610997635184097,36.10997635184097
1122004,1178,144691,35-39,F,63,579150,125,167.0499997,5,1,0.0002158335491668825,1.3363999976,167.0499997,0.04,0.2,click_through,100.0,100.0,0.598623167791601,-40.1376832208399
1122005,1178,144691,35-39,F,63,449588,81,123.800001,5,2,0.00018016495102182443,1.528395074074074,61.9000005,0.06172839506172839,0.4,click_through,100.0,200.0,1.6155088722495246,61.550887224952454
1122006,1178,144691,35-39,F,63,318157,56,85.70000196,3,0,0.00017601372907086752,1.5303571778571428,,0.05357142857142857,0.0,click_through,100.0,0.0,0.0,-100.0
1122007,1178,144691,35-39,F,63,196967,43,65.17999971,2,1,0.0002183106814847157,1.5158139467441862,65.17999971,0.046511627906976744,0.5,click_through,100.0,100.0,1.5342129555833346,53.42129555833346
1122011,1178,144692,35-39,F,64,158298,37,46.43000007,4,1,0.00023373637064271185,1.2548648667567568,46.43000007,0.10810810810810811,0.25,click_through,100.0,100.0,2.153779880448749,115.3779880448749
1122012,1178,144692,35-39,F,64,222739,55,68.55999959,5,2,0.0002469257741123018,1.2465454470909092,34.279999795,0.09090909090909091,0.4,click_through,100.0,200.0,2.9171528762548524,191.7152876254852
1122022,1178,144694,35-39,F,2,20780,5,8.189999938,1,0,0.00024061597690086623,1.6379999876,,0.2,0.0,click_through,100.0,0.0,0.0,-100.0
1122027,1178,144695,35-39,F,7,128616,33,48.54999948,2,0,0.00025657771972382906,1.4712121054545453,,0.06060606060606061,0.0,click_through,100.0,0.0,0.0,-100.0
1122039,1178,144697,40-44,F,10,258954,61,82.27999902,1,0,0.00023556307297821233,1.3488524429508197,,0.01639344262295082,0.0,click_through,100.0,0.0,0.0,-100.0
1122040,1178,144697,40-44,F,10,205289,48,71.53000104,3,0,0.00023381671692102352,1.490208355,,0.0625,0.0,click_through,100.0,0.0,0.0,-100.0
1122041,1178,144697,40-44,F,10,611601,138,191.419996,8,3,0.00022563730275130354,1.387101420289855,63.806665333333335,0.057971014492753624,0.375,click_through,100.0,300.0,1.5672343865266825,56.72343865266824
1122043,1178,144697,40-44,F,10,947657,233,321.8700004,8,4,0.00024586954984767695,1.3814163107296136,80.4675001,0.034334763948497854,0.5,click_through,100.0,400.0,1.242737749721642,24.273774972164205
1122044,1178,144697,40-44,F,10,233043,49,65.03000033,2,0,0.00021026162553691808,1.3271428638775509,,0.04081632653061224,0.0,click_through,100.0,0.0,0.0,-100.0
1122047,1178,144698,40-44,F,15,582725,142,194.8099988,9,2,0.00024368269767042773,1.3719013999999998,97.4049994,0.06338028169014084,0.2222222222222222,click_through,100.0,200.0,1.0266413491708313,2.6641349170831226
1122052,1178,144699,40-44,F,16,265038,51,78.45999932,2,1,0.00019242523713580695,1.5384313592156862,78.45999932,0.0392156862745098,0.5,click_through,100.0,100.0,1.274534805846083,27.453480584608304
1122054,1178,144699,40-44,F,16,222273,39,53.62999868,6,1,0.00017545990741115654,1.3751281712820513,53.62999868,0.15384615384615385,0.16666666666666666,click_through,100.0,100.0,1.8646280526069183,86.46280526069184
1122055,1178,144699,40-44,F,16,797234,170,243.7699978,4,1,0.00021323726785360384,1.4339411635294117,243.7699978,0.023529411764705882,0.25,click_through,100.0,100.0,0.41022275465598745,-58.977724534401254
1122056,1178,144699,40-44,F,16,925555,182,262.8899981,4,2,0.00019663877349266115,1.4444505390109892,131.44499905,0.02197802197802198,0.5,click_through,100.0,200.0,0.7607744739072292,-23.92255260927708
1122058,1178,144700,40-44,F,18,22210,3,4.050000191,1,1,0.000135074290859973,1.3500000636666665,4.050000191,0.3333333333333333,1.0,click_through,100.0,100.0,24.691356860234777,2369.1356860234782
1122075,1178,144703,40-44,F,21,46391,11,16.40999985,3,1,0.0002371149576426462,1.4918181681818181,16.40999985,0.2727272727272727,0.3333333333333333,click_through,100.0,100.0,6.0938452720339304,509.38452720339313
1122078,1178,144703,40-44,F,21,190477,42,66.38999987,1,0,0.00022049906287898276,1.5807142826190475,,0.023809523809523808,0.0,click_through,100.0,0.0,0.0,-100.0
1122079,1178,144703,40-44,F,21,25382,7,9.609999895,1,0,0.0002757859900717044,1.3728571278571429,,0.14285714285714285,0.0,click_through,100.0,0.0,0.0,-100.0
1122085,1178,144704,40-44,F,22,65726,17,22.12000012,2,0,0.00025864954508109426,1.301176477647059,,0.11764705882352941,0.0,click_through,100.0,0.0,0.0,-100.0
1122089,1178,144705,40-44,F,23,195220,51,78.06000042,1,0,0.00026124372502817333,1.5305882435294116,,0.0196078431372549,0.0,click_through,100.0,0.0,0.0,-100.0
1122092,1178,144705,40-44,F,23,107501,27,40.87999928,2,2,0.00025116045432135517,1.5140740474074075,20.43999964,0.07407407407407407,1.0,click_through,100.0,200.0,4.8923679922334875,389.2367992233487
1122101,1178,144707,40-44,F,25,197772,63,88.21000016,7,2,0.0003185486317577817,1.4001587326984128,44.10500008,0.1111111111111111,0.2857142857142857,click_through,100.0,200.0,2.2673166266549067,126.73166266549067
1122102,1178,144707,40-44,F,25,138154,35,48.93999863,1,0,0.00025334047512196533,1.3982856751428572,,0.02857142857142857,0.0,click_through,100.0,0.0,0.0,-100.0
1122103,1178,144707,40-44,F,25,270124,69,95.84999895,2,0,0.0002554382431772075,1.3891304195652174,,0.028985507246376812,0.0,click_through,100.0,0.0,0.0,-100.0
1122105,1178,144708,40-44,F,26,303971,77,106.9299998,11,6,0.0002533136384720911,1.3887012961038963,17.821666633333333,0.14285714285714285,0.5454545454545454,click_through,100.0,600.0,5.611147490154583,461.1147490154582
1122107,1178,144708,40-44,F,26,682046,183,254.419997,4,2,0.00026831034856886486,1.3902732076502733,127.2099985,0.02185792349726776,0.5,click_through,100.0,200.0,0.7861017308321091,-21.38982691678909
1122109,1178,144708,40-44,F,26,328365,83,117.3400005,2,1,0.0002527674995812587,1.4137349457831325,117.3400005,0.024096385542168676,0.5,click_through,100.0,100.0,0.8522243018057597,-14.777569819424027
1122112,1178,144709,40-44,F,27,1083259,276,390.2599992,11,0,0.0002547867130575421,1.413985504347826,,0.03985507246376811,0.0,click_through,100.0,0.0,0.0,-100.0
1122113,1178,144709,40-44,F,27,913929,245,340.4099993,7,2,0.00026807334048925026,1.3894285685714285,170.20499965,0.02857142857142857,0.2857142857142857,click_through,100.0,200.0,0.5875268071186768,-41.24731928813232
1122118,1178,144710,40-44,F,28,101586,24,33.47000039,2,1,0.00023625302699190835,1.3945833495833335,33.47000039,0.08333333333333333,0.5,click_through,100.0,100.0,2.9877501892673264,198.77501892673266
1122120,1178,144710,40-44,F,28,181053,46,66.27999985,3,1,0.00025406925044047874,1.4408695619565217,66.27999985,0.06521739130434782,0.3333333333333333,click_through,100.0,100.0,1.5087507577898704,50.87507577898705
1122121,1178,144710,40-44,F,28,133419,35,48.18000007,2,1,0.000262331452042063,1.3765714305714285,48.18000007,0.05714285714285714,0.5,click_through,100.0,100.0,2.075550017739965,107.55500177399648
1122125,1178,144711,40-44,F,29,489573,113,156.1199993,3,2,0.00023081338227394076,1.381592914159292,78.05999965,0.02654867256637168,0.6666666666666666,click_through,100.0,200.0,1.2810658525284788,28.106585252847882
1122127,1178,144711,40-44,F,29,822023,194,288.3300035,6,0,0.00023600312886622394,1.486237131443299,,0.030927835051546393,0.0,click_through,100.0,0.0,0.0,-100.0
1122131,1178,144712,40-44,F,30,93176,29,40.37000024,1,1,0.00031123894565124067,1.3920689737931036,40.37000024,0.034482758620689655,1.0,click_through,100.0,100.0,2.4770869310254926,147.70869310254923
1122138,1178,144713,40-44,F,31,47229,13,19.27999985,1,0,0.0002752546105147261,1.4830769115384614,,0.07692307692307693,0.0,click_through,100.0,0.0,0.0,-100.0
1122139,1178,144713,40-44,F,31,92263,24,34.03000015,1,0,0.00026012594431137074,1.4179166729166666,,0.041666666666666664,0.0,click_through,100.0,0.0,0.0,-100.0
1122140,1178,144713,40-44,F,31,81551,21,29.67000008,1,0,0.00025750757194884183,1.4128571466666666,,0.047619047619047616,0.0,click_through,100.0,0.0,0.0,-100.0
1122145,1178,144714,40-44,F,32,141037,32,47.78999913,3,0,0.00022689081588519325,1.4934374728125,,0.09375,0.0,click_through,100.0,0.0,0.0,-100.0
1122146,1178,144714,40-44,F,32,319501,79,111.6500003,0,0,0.00024726057195439136,1.4132911430379747,,0.0,,click_through,100.0,0.0,0.0,-100.0
1122149,1178,144715,40-44,F,36,72741,19,24.33000016,2,0,0.000261200698368183,1.2805263242105263,,0.10526315789473684,0.0,click_through,100.0,0.0,0.0,-100.0
1122154,1178,144716,40-44,F,63,597419,135,188.5100002,2,1,0.0002259720564628845,1.3963703718518519,188.5100002,0.014814814814814815,0.5,click_through,100.0,100.0,0.5304758362628234,-46.95241637371767
1122157,1178,144716,40-44,F,63,98768,21,33.14000034,1,1,0.00021261947189373076,1.5780952542857143,33.14000034,0.047619047619047616,1.0,click_through,100.0,100.0,3.0175014777926825,201.75014777926825
1122160,1178,144717,40-44,F,64,173165,41,59.85000026,1,0,0.00023676840008084776,1.4597561039024392,,0.024390243902439025,0.0,click_through,100.0,0.0,0.0,-100.0
1122165,1178,144718,40-44,F,65,55823,13,21.10999966,1,1,0.0002328789208749082,1.6238461276923077,21.10999966,0.07692307692307693,1.0,click_through,100.0,100.0,4.73709150216064,373.709150216064
1122166,1178,144718,40-44,F,65,118451,28,38.35000062,4,1,0.00023638466538906383,1.3696428792857145,38.35000062,0.14285714285714285,0.25,click_through,100.0,100.0,2.6075618874396773,160.75618874396773
1122176,1178,144719,40-44,F,2,74424,22,30.84000027,1,1,0.00029560356874126624,1.4018181940909091,30.84000027,0.045454545454545456,1.0,click_through,100.0,100.0,3.2425421246599746,224.25421246599745
1122177,1178,144720,40-44,F,7,47929,12,14.58999991,1,1,0.0002503703394604519,1.2158333258333334,14.58999991,0.08333333333333333,1.0,click_through,100.0,100.0,6.854009637893137,585.4009637893137
1122182,1178,144720,40-44,F,7,40801,12,15.91999972,0,0,0.00029411043846964535,1.3266666433333334,,0.0,,click_through,100.0,0.0,0.0,-100.0
1122183,1178,144721,40-44,F,66,66017,17,24.22000015,1,0,0.0002575094293893997,1.4247058911764707,,0.058823529411764705,0.0,click_through,100.0,0.0,0.0,-100.0
1122189,1178,144722,45-49,F,10,725043,179,238.4000007,5,3,0.0002468819090729791,1.3318435793296088,79.46666689999999,0.027932960893854747,0.6,click_through,100.0,300.0,1.2583892580500315,25.83892580500316
1122191,1178,144722,45-49,F,10,382776,97,132.7300007,5,1,0.00025341191715259057,1.3683505226804125,132.7300007,0.05154639175257732,0.2,click_through,100.0,100.0,0.7534091725503923,-24.659082744960767
1122192,1178,144722,45-49,F,10,548250,137,201.6000042,5,1,0.0002498860009119927,1.4715328773722627,201.6000042,0.0364963503649635,0.2,click_through,100.0,100.0,0.49603173569775155,-50.39682643022485
1122193,1178,144722,45-49,F,10,1358324,346,465.0799981,8,2,0.00025472567664268613,1.3441618442196532,232.53999905,0.023121387283236993,0.25,click_through,100.0,200.0,0.4300335443731481,-56.99664556268519
1122197,1178,144723,45-49,F,15,662249,163,234.9399992,2,0,0.0002461309869852578,1.4413496883435581,,0.012269938650306749,0.0,click_through,100.0,0.0,0.0,-100.0
1122200,1178,144723,45-49,F,15,559554,139,195.0799994,2,0,0.000248412128230698,1.4034532330935252,,0.014388489208633094,0.0,click_through,100.0,0.0,0.0,-100.0
1122201,1178,144724,45-49,F,16,320757,68,104.6899989,2,0,0.00021199849106956357,1.5395588073529414,,0.029411764705882353,0.0,click_through,100.0,0.0,0.0,-100.0
1122202,1178,144724,45-49,F,16,906151,202,295.5499957,1,0,0.00022292090391115829,1.4631187905940595,,0.0049504950495049506,0.0,click_through,100.0,0.0,0.0,-100.0
1122203,1178,144724,45-49,F,16,699314,164,226.0300014,3,0,0.00023451553951443844,1.3782317158536586,,0.018292682926829267,0.0,click_through,100.0,0.0,0.0,-100.0
1122204,1178,144724,45-49,F,16,850337,198,287.690003,3,1,0.00023284885874659105,1.4529798131313132,287.690003,0.015151515151515152,0.3333333333333333,click_through,100.0,100.0,0.3475963674691887,-65.24036325308113
1122205,1178,144724,45-49,F,16,1015460,247,315.9000051,9,2,0.00024323951706615722,1.2789473890688259,157.95000255,0.03643724696356275,0.2222222222222222,click_through,100.0,200.0,0.6331117340016783,-36.688826599832176
1122209,1178,144725,45-49,F,18,890295,227,332.9899989,1,0,0.00025497166669474726,1.4669162947136563,,0.004405286343612335,0.0,click_through,100.0,0.0,0.0,-100.0
1122210,1178,144725,45-49,F,18,791817,194,282.490001,4,2,0.0002450061062088841,1.4561340257731958,141.2450005,0.020618556701030927,0.5,click_through,100.0,200.0,0.7079896608446683,-29.201033915533177
1122211,1178,144725,45-49,F,18,317601,76,115.6600008,1,0,0.0002392939568830073,1.5218421157894737,,0.013157894736842105,0.0,click_through,100.0,0.0,0.0,-100.0
1122212,1178,144725,45-49,F,18,685211,164,247.3200026,4,3,0.00023934233396720133,1.5080487963414635,82.44000086666667,0.024390243902439025,0.75,click_through,100.0,300.0,1.213003383657574,21.300338365757394
1122213,1178,144726,45-49,F,19,32781,7,11.20000017,2,2,0.00021353833013025838,1.6000000242857142,5.600000085,0.2857142857142857,1.0,click_through,100.0,200.0,17.857142586096945,1685.7142586096945
1122216,1178,144726,45-49,F,19,76785,19,25.45999998,3,0,0.00024744416227127697,1.3399999989473683,,0.15789473684210525,0.0,click_through,100.0,0.0,0.0,-100.0
1122217,1178,144726,45-49,F,19,719083,206,299.5299983,12,5,0.00028647597008968367,1.454029117961165,59.90599966,0.05825242718446602,0.4166666666666667,click_through,100.0,500.0,1.6692818844115087,66.92818844115088
1122223,1178,144727,45-49,F,20,368480,107,140.4200011,5,4,0.0002903821102909249,1.3123364588785047,35.105000275,0.04672897196261682,0.8,click_through,100.0,400.0,2.8485970436301327,184.85970436301324
1122224,1178,144727,45-49,F,20,260945,73,100.8800011,2,2,0.00027975243825327175,1.3819178232876712,50.44000055,0.0273972602739726,1.0,click_through,100.0,200.0,1.98255350732743,98.255350732743
1122225,1178,144728,45-49,F,21,40998,10,13.35000038,1,0,0.0002439143372847456,1.335000038,,0.1,0.0,click_through,100.0,0.0,0.0,-100.0
1122227,1178,144728,45-49,F,21,183293,53,73.74999964,2,1,0.000289154523085988,1.3915094271698112,73.74999964,0.03773584905660377,0.5,click_through,100.0,100.0,1.3559322100086182,35.593221000861824
1122232,1178,144729,45-49,F,22,221561,55,76.75999916,1,0,0.00024823863405563256,1.3956363483636365,,0.01818181818181818,0.0,click_through,100.0,0.0,0.0,-100.0
1122233,1178,144729,45-49,F,22,436943,109,145.8199974,1,1,0.00024946045594047734,1.3377981412844038,145.8199974,0.009174311926605505,1.0,click_through,100.0,100.0,0.6857769975519146,-31.422300244808536
1122240,1178,144730,45-49,F,23,284488,90,125.2700011,1,1,0.0003163578077106943,1.391888901111111,125.2700011,0.011111111111111112,1.0,click_through,100.0,100.0,0.7982757174255345,-20.172428257446548
1122244,1178,144731,45-49,F,24,85083,32,38.62999976,1,1,0.000376103334391124,1.2071874925,38.62999976,0.03125,1.0,click_through,100.0,100.0,2.5886616780035934,158.86616780035934
1122246,1178,144731,45-49,F,24,14167,5,7.139999986,1,0,0.0003529328721677137,1.4279999972000001,,0.2,0.0,click_through,100.0,0.0,0.0,-100.0
1122249,1178,144732,45-49,F,25,300637,84,116.9899981,2,0,0.00027940672638431067,1.3927380726190475,,0.023809523809523808,0.0,click_through,100.0,0.0,0.0,-100.0
1122253,1178,144732,45-49,F,25,449921,129,175.9700005,5,1,0.00028671700142913976,1.3641085310077519,175.9700005,0.03875968992248062,0.2,click_through,100.0,100.0,0.5682786822518648,-43.172131774813515
1122254,1178,144732,45-49,F,25,282899,71,105.6600007,1,0,0.0002509729620818737,1.488169023943662,,0.014084507042253521,0.0,click_through,100.0,0.0,0.0,-100.0
1122257,1178,144733,45-49,F,26,669671,186,259.1799988,4,1,0.0002777483271636371,1.393440853763441,259.1799988,0.021505376344086023,0.25,click_through,100.0,100.0,0.38583224192838445,-61.41677580716155
1122258,1178,144733,45-49,F,26,108655,28,46.92000186,1,0,0.00025769637844553865,1.675714352142857,,0.03571428571428571,0.0,click_through,100.0,0.0,0.0,-100.0
1122260,1178,144733,45-49,F,26,536248,146,187.7399978,3,0,0.00027226208769076996,1.2858903958904109,,0.02054794520547945,0.0,click_through,100.0,0.0,0.0,-100.0
1122262,1178,144734,45-49,F,27,1055017,265,380.6599952,16,2,0.00025118078666030975,1.4364528120754718,190.3299976,0.06037735849056604,0.125,click_through,100.0,200.0,0.5254032536172322,-47.45967463827678
1122265,1178,144734,45-49,F,27,1428421,367,541.7000023,10,0,0.0002569270544188303,1.4760218046321527,,0.027247956403269755,0.0,click_through,100.0,0.0,0.0,-100.0
1122266,1178,144734,45-49,F,27,1088027,272,409.5600026,9,4,0.0002499937961098392,1.5057353036764707,102.39000065,0.03308823529411765,0.4444444444444444,click_through,100.0,400.0,0.976657870545682,-2.3342129454318004
1122267,1178,144735,45-49,F,28,288517,78,102.3900002,3,0,0.00027034802108714565,1.3126923102564103,,0.038461538461538464,0.0,click_through,100.0,0.0,0.0,-100.0
1122268,1178,144735,45-49,F,28,202231,53,67.13000107,3,1,0.0002620765362382622,1.266603793773585,67.13000107,0.05660377358490566,0.3333333333333333,click_through,100.0,100.0,1.4896469299281658,48.96469299281659
1122270,1178,144735,45-49,F,28,73222,16,22.86000025,1,0,0.00021851356149791046,1.428750015625,,0.0625,0.0,click_through,100.0,0.0,0.0,-100.0
1122271,1178,144735,45-49,F,28,348542,96,134.889999,2,0,0.000275433089842831,1.40510415625,,0.020833333333333332,0.0,click_through,100.0,0.0,0.0,-100.0
1122273,1178,144736,45-49,F,29,1097966,266,369.069997,16,8,0.0002422661539610516,1.3874811917293233,46.133749625,0.06015037593984962,0.5,click_through,100.0,800.0,2.1676104980161797,116.76104980161799
1122274,1178,144736,45-49,F,29,526923,138,198.0899972,2,1,0.0002618978484522406,1.4354347623188406,198.0899972,0.014492753623188406,0.5,click_through,100.0,100.0,0.5048210480766264,-49.51789519233735
1122276,1178,144736,45-49,F,29,264386,66,91.00000054,4,1,0.0002496350033662902,1.378787886969697,91.00000054,0.06060606060606061,0.25,click_through,100.0,100.0,1.0989010923801474,9.890109238014734
1122277,1178,144736,45-49,F,29,854940,227,297.9100007,8,3,0.00026551570870470443,1.3123788577092512,99.30333356666667,0.03524229074889868,0.375,click_through,100.0,300.0,1.0070155392403382,0.7015539240338057
1122279,1178,144737,45-49,F,30,113567,34,50.29000044,3,0,0.00029938274322646545,1.47911766,,0.08823529411764706,0.0,click_through,100.0,0.0,0.0,-100.0
1122282,1178,144737,45-49,F,30,22859,6,9.419999838,1,0,0.00026247867360776935,1.569999973,,0.16666666666666666,0.0,click_through,100.0,0.0,0.0,-100.0
1122288,1178,144738,45-49,F,31,51754,13,20.51999998,1,0,0.00025118831394674806,1.578461536923077,,0.07692307692307693,0.0,click_through,100.0,0.0,0.0,-100.0
1122290,1178,144738,45-49,F,31,104347,28,38.13999993,4,3,0.00026833545765570643,1.3621428546428571,12.713333310000001,0.14285714285714285,0.75,click_through,100.0,300.0,7.865757749098139,686.575774909814
1122303,1178,144741,45-49,F,63,391998,97,142.0500025,3,1,0.0002474502420930719,1.4644330154639176,142.0500025,0.030927835051546393,0.3333333333333333,click_through,100.0,100.0,0.7039774603312661,-29.60225396687339
1122304,1178,144741,45-49,F,63,1111156,282,402.3000026,5,0,0.0002537897468942255,1.4265957539007093,,0.01773049645390071,0.0,click_through,100.0,0.0,0.0,-100.0
1122308,1178,144741,45-49,F,63,427772,117,159.299999,3,1,0.00027351018767006723,1.3615384529914532,159.299999,0.02564102564102564,0.3333333333333333,click_through,100.0,100.0,0.6277463943989101,-37.22536056010898
1122310,1178,144742,45-49,F,64,536457,136,193.6599991,2,1,0.0002535151932028103,1.4239705816176471,193.6599991,0.014705882352941176,0.5,click_through,100.0,100.0,0.5163688963375608,-48.36311036624393
1122311,1178,144742,45-49,F,64,179894,43,66.83999872,2,0,0.00023902965079435667,1.554418574883721,,0.046511627906976744,0.0,click_through,100.0,0.0,0.0,-100.0
1122312,1178,144742,45-49,F,64,479882,131,178.6700007,6,0,0.0002729837751780646,1.3638931351145038,,0.04580152671755725,0.0,click_through,100.0,0.0,0.0,-100.0
1122313,1178,144742,45-49,F,64,358261,91,130.3600011,1,0,0.00025400476189147016,1.4325274846153846,,0.01098901098901099,0.0,click_through,100.0,0.0,0.0,-100.0
1122316,1178,144743,45-49,F,65,346688,88,114.8599998,2,0,0.00025383053350563043,1.3052272704545453,,0.022727272727272728,0.0,click_through,100.0,0.0,0.0,-100.0
1314296,1178,179863,30-34,M,100,33445,2,3.199999928,1,0,5.979967110180894e-05,1.599999964,,0.5,0.0,click_through,100.0,0.0,0.0,-100.0
1314297,1178,179864,30-34,M,101,72228,5,7.529999852,4,4,6.922523121227224e-05,1.5059999704,1.882499963,0.8,1.0,click_through,100.0,400.0,53.120850977674095,5212.08509776741
1314298,1178,179865,30-34,M,102,49699,2,2.690000057,2,1,4.0242258395541155e-05,1.3450000285,2.690000057,1.0,0.5,click_through,100.0,100.0,37.17472040187395,3617.4720401873947
1314299,1178,179866,30-34,M,103,189761,18,27.32999969,4,1,9.485616117115741e-05,1.5183333161111112,27.32999969,0.2222222222222222,0.25,click_through,100.0,100.0,3.6589828442841084,265.8982844284108
1314301,1178,179868,30-34,M,105,312524,37,53.78999972,2,0,0.000118390907578298,1.4537837762162162,,0.05405405405405406,0.0,click_through,100.0,0.0,0.0,-100.0
1314303,1178,179870,30-34,M,107,496760,42,61.00999904,10,3,8.454787019888879e-05,1.4526190247619046,20.336666346666664,0.23809523809523808,0.3,click_through,100.0,300.0,4.917226761523319,391.7226761523319
1314306,1178,179873,30-34,M,110,310988,34,46.66999936,11,3,0.00010932897732388388,1.37264704,15.556666453333333,0.3235294117647059,0.2727272727272727,click_through,100.0,300.0,6.428112365845124,542.8112365845124
1314307,1178,179874,30-34,M,111,98606,9,12.10999984,1,0,9.127233636898363e-05,1.345555537777778,,0.1111111111111111,0.0,click_through,100.0,0.0,0.0,-100.0
1314308,1178,179875,30-34,M,112,51104,2,3.199999928,3,1,3.913587977457733e-05,1.599999964,3.199999928,1.5,0.3333333333333333,click_through,100.0,100.0,31.250000703125014,3025.000070312502
1314309,1178,179876,30-34,M,113,276762,22,32.09000015,5,1,7.949068152419769e-05,1.4586363704545455,32.09000015,0.22727272727272727,0.2,click_through,100.0,100.0,3.1162355728440216,211.62355728440215
1314312,1178,179879,35-39,M,101,33534,2,2.960000038,1,1,5.964096141229796e-05,1.480000019,2.960000038,0.5,1.0,click_through,100.0,100.0,33.78378335007305,3278.378335007305
1314313,1178,179880,35-39,M,102,128859,16,23.69999957,1,0,0.00012416672486981894,1.481249973125,,0.0625,0.0,click_through,100.0,0.0,0.0,-100.0
1314314,1178,179881,35-39,M,103,92080,12,16.94000018,3,2,0.00013032145960034753,1.4116666816666665,8.47000009,0.25,0.6666666666666666,click_through,100.0,200.0,11.80637531728763,1080.637531728763
1314316,1178,179883,35-39,M,105,211882,33,46.64999926,3,1,0.00015574706676357595,1.4136363412121213,46.64999926,0.09090909090909091,0.3333333333333333,click_through,100.0,100.0,2.143622756404734,114.36227564047338
1314318,1178,179885,35-39,M,107,112776,9,12.67999995,1,0,7.980421366248138e-05,1.4088888833333333,,0.1111111111111111,0.0,click_through,100.0,0.0,0.0,-100.0
1314319,1178,179886,35-39,M,108,145324,14,19.82000005,2,1,9.633646197462222e-05,1.4157142892857144,19.82000005,0.14285714285714285,0.5,click_through,100.0,100.0,5.045408665374852,404.54086653748516
1314320,1178,179887,35-39,M,109,106492,14,21.26000023,2,0,0.0001314652743868084,1.5185714449999999,,0.14285714285714285,0.0,click_through,100.0,0.0,0.0,-100.0
1314321,1178,179888,35-39,M,110,233845,30,40.73000062,3,0,0.00012829010669460541,1.3576666873333332,,0.1,0.0,click_through,100.0,0.0,0.0,-100.0
1314323,1178,179890,35-39,M,112,155426,17,25.01000023,3,0,0.00010937680954280493,1.4711764841176471,,0.17647058823529413,0.0,click_through,100.0,0.0,0.0,-100.0
1314324,1178,179891,35-39,M,113,97540,8,11.5199995,2,1,8.201763379126513e-05,1.4399999375,11.5199995,0.25,0.5,click_through,100.0,100.0,8.680555932315794,768.0555932315796
1314325,1178,179892,35-39,M,114,61441,5,7.700000048,1,0,8.13788838072297e-05,1.5400000096,,0.2,0.0,click_through,100.0,0.0,0.0,-100.0
1314326,1178,179893,40-44,M,100,76703,9,12.14999962,3,1,0.00011733569743034823,1.3499999577777777,12.14999962,0.3333333333333333,0.3333333333333333,click_through,100.0,100.0,8.230452932310463,723.0452932310462
1314327,1178,179894,40-44,M,101,68619,10,14.96000034,1,0,0.00014573223159766247,1.4960000340000001,,0.1,0.0,click_through,100.0,0.0,0.0,-100.0
1314330,1178,179897,40-44,M,104,17559,1,1.49000001,1,1,5.695085141522866e-05,1.49000001,1.49000001,1.0,1.0,click_through,100.0,100.0,67.11409350930138,6611.409350930138
1314331,1178,179898,40-44,M,105,137879,19,28.47000003,2,0,0.00013780198579914273,1.4984210542105263,,0.10526315789473684,0.0,click_through,100.0,0.0,0.0,-100.0
1314332,1178,179899,40-44,M,106,67710,10,15.14999998,1,0,0.0001476886722788362,1.514999998,,0.1,0.0,click_through,100.0,0.0,0.0,-100.0
1314333,1178,179900,40-44,M,107,348180,41,60.22999907,3,1,0.00011775518410017807,1.4690243675609755,60.22999907,0.07317073170731707,0.3333333333333333,click_through,100.0,100.0,1.6603022006322605,66.03022006322605
1314334,1178,179901,40-44,M,108,146246,18,28.71999955,3,1,0.0001230802893754359,1.5955555305555555,28.71999955,0.16666666666666666,0.3333333333333333,click_through,100.0,100.0,3.481894204973969,248.1894204973969
1314336,1178,179903,40-44,M,110,187236,24,34.86999965,2,2,0.00012818047811318336,1.4529166520833332,17.434999825,0.08333333333333333,1.0,click_through,100.0,200.0,5.735589389373567,473.55893893735674
1314337,1178,179904,40-44,M,111,72157,9,13.50000036,1,1,0.00012472802361517248,1.50000004,13.50000036,0.1111111111111111,1.0,click_through,100.0,100.0,7.407407209876549,640.7407209876549
1314338,1178,179905,40-44,M,112,91180,10,13.55999994,1,0,0.00010967317394165388,1.355999994,,0.1,0.0,click_through,100.0,0.0,0.0,-100.0
1314339,1178,179906,40-44,M,113,86293,6,9.259999871,1,1,6.953055288377969e-05,1.5433333118333332,9.259999871,0.16666666666666666,1.0,click_through,100.0,100.0,10.799136219556,979.9136219556001
1314341,1178,179908,45-49,M,100,101410,12,17.94000006,4,0,0.00011833152549058279,1.4950000049999999,,0.3333333333333333,0.0,click_through,100.0,0.0,0.0,-100.0
1314343,1178,179910,45-49,M,102,134245,18,25.75000024,2,1,0.00013408320607843867,1.430555568888889,25.75000024,0.1111111111111111,0.5,click_through,100.0,100.0,3.8834951094353856,288.3495109435386
1314345,1178,179912,45-49,M,104,125650,20,30.08000076,4,0,0.00015917230401910068,1.504000038,,0.2,0.0,click_through,100.0,0.0,0.0,-100.0
1314346,1178,179913,45-49,M,105,50406,5,7.26000011,1,1,9.91945403325001e-05,1.452000022,7.26000011,0.2,1.0,click_through,100.0,100.0,13.77410447449704,1277.410447449704
1314348,1178,179915,45-49,M,107,121769,13,18.41999996,2,1,0.00010675952007489591,1.4169230738461538,18.41999996,0.15384615384615385,0.5,click_through,100.0,100.0,5.4288816621691245,442.88816621691245
1314349,1178,179916,45-49,M,108,267106,34,50.5,4,1,0.00012729028924846316,1.4852941176470589,50.5,0.11764705882352941,0.25,click_through,100.0,100.0,1.9801980198019802,98.01980198019803
1314350,1178,179917,45-49,M,109,365539,57,82.13999915,5,2,0.00015593411373341831,1.4410526166666666,41.069999575,0.08771929824561403,0.4,click_through,100.0,200.0,2.434867324928625,143.48673249286247
1314351,1178,179918,45-49,M,110,188758,25,36.60000038,2,1,0.00013244471757488423,1.4640000152,36.60000038,0.08,0.5,click_through,100.0,100.0,2.732240408790947,173.22404087909467
1314353,1178,179920,45-49,M,112,108426,13,19.58000016,1,0,0.00011989744157305443,1.5061538584615386,,0.07692307692307693,0.0,click_through,100.0,0.0,0.0,-100.0
1314354,1178,179921,45-49,M,113,138525,9,13.65000045,3,0,6.497022198159177e-05,1.5166667166666667,,0.3333333333333333,0.0,click_through,100.0,0.0,0.0,-100.0
1314355,1178,179922,45-49,M,114,150858,21,30.26000011,1,0,0.00013920375452412202,1.4409523861904763,,0.047619047619047616,0.0,click_through,100.0,0.0,0.0,-100.0
1314357,1178,179924,30-34,F,101,524306,81,113.6800029,10,4,0.00015448993526680983,1.403456825925926,28.420000725,0.12345679012345678,0.4,click_through,100.0,400.0,3.518648749084435,251.86487490844357
1314358,1178,179925,30-34,F,102,104496,9,11.42999983,3,2,8.612769866789159e-05,1.2699999811111111,5.714999915,0.3333333333333333,0.6666666666666666,click_through,100.0,200.0,17.49781303365076,1649.7813033650764
1314359,1178,179926,30-34,F,103,452519,68,99.52000237,7,2,0.00015026993341716037,1.4635294466176472,49.760001185,0.10294117647058823,0.2857142857142857,click_through,100.0,200.0,2.0096462543924676,100.96462543924676
1314360,1178,179927,30-34,F,104,442919,76,110.7800021,21,2,0.00017158893612601852,1.4576316065789474,55.39000105,0.27631578947368424,0.09523809523809523,click_through,100.0,200.0,1.805379998273172,80.5379998273172
1314361,1178,179928,30-34,F,105,596831,86,120.8799992,11,0,0.00014409439187977835,1.4055813860465116,,0.12790697674418605,0.0,click_through,100.0,0.0,0.0,-100.0
1314362,1178,179929,30-34,F,106,173912,26,35.54000032,2,1,0.00014950089700538203,1.366923089230769,35.54000032,0.07692307692307693,0.5,click_through,100.0,100.0,2.813730981981038,181.37309819810383
1314363,1178,179930,30-34,F,107,780967,86,119.6400018,20,4,0.00011011988982889162,1.391162811627907,29.91000045,0.23255813953488372,0.2,click_through,100.0,400.0,3.3433633733027914,234.33633733027915
1314364,1178,179931,30-34,F,108,132124,8,11.18999994,4,0,6.0549181072325996e-05,1.3987499925,,0.5,0.0,click_through,100.0,0.0,0.0,-100.0
1314365,1178,179932,30-34,F,109,623137,100,138.9200006,12,1,0.00016047835387723728,1.389200006,138.9200006,0.12,0.08333333333333333,click_through,100.0,100.0,0.7198387530096224,-28.01612469903776
1314366,1178,179933,30-34,F,110,99020,10,14.48000044,4,1,0.00010098969905069682,1.448000044,14.48000044,0.4,0.25,click_through,100.0,100.0,6.906077138213126,590.6077138213126
1314367,1178,179934,30-34,F,111,665817,117,163.8000002,23,9,0.00017572396018725867,1.4000000017094016,18.200000022222223,0.19658119658119658,0.391304347826087,click_through,100.0,900.0,5.494505487796697,449.45054877966965
1314368,1178,179935,30-34,F,112,699232,80,111.9899995,12,3,0.00011441123976019404,1.39987499375,37.32999983333333,0.15,0.25,click_through,100.0,300.0,2.678810620050052,167.8810620050052
1314371,1178,179938,35-39,F,100,72982,11,15.04999995,1,0,0.00015072209585925296,1.3681818136363637,,0.09090909090909091,0.0,click_through,100.0,0.0,0.0,-100.0
1314372,1178,179939,35-39,F,101,975884,167,237.3199975,14,3,0.00017112689622946988,1.4210778293413173,79.10666583333334,0.08383233532934131,0.21428571428571427,click_through,100.0,300.0,1.2641159748874513,26.411597488745127
1314373,1178,179940,35-39,F,102,245607,33,47.87999952,3,1,0.0001343609913398234,1.4509090763636363,47.87999952,0.09090909090909091,0.3333333333333333,click_through,100.0,100.0,2.08855474107156,108.85547410715597
1314377,1178,179944,35-39,F,106,485369,114,164.6400015,3,0,0.00023487284931670544,1.4442105394736844,,0.02631578947368421,0.0,click_through,100.0,0.0,0.0,-100.0
1314378,1178,179945,35-39,F,107,866355,139,200.8299961,11,5,0.00016044231290868064,1.444820115827338,40.165999219999996,0.07913669064748201,0.45454545454545453,click_through,100.0,500.0,2.489667926652915,148.96679266529148
1314379,1178,179946,35-39,F,108,502710,72,105.2199969,8,2,0.00014322372739750553,1.4613888458333333,52.60999845,0.1111111111111111,0.25,click_through,100.0,200.0,1.9007793755219167,90.07793755219167
1314380,1178,179947,35-39,F,109,475184,88,127.3200028,4,1,0.00018519142058655175,1.4468182136363636,127.3200028,0.045454545454545456,0.25,click_through,100.0,100.0,0.7854225400629664,-21.45774599370335
1314381,1178,179948,35-39,F,110,357401,47,68.67000008,8,1,0.0001315049482234241,1.4610638314893616,68.67000008,0.1702127659574468,0.125,click_through,100.0,100.0,1.4562399866535722,45.62399866535723
1314382,1178,179949,35-39,F,111,99810,14,20.05000019,2,0,0.00014026650636208798,1.4321428707142856,,0.14285714285714285,0.0,click_through,100.0,0.0,0.0,-100.0
1314383,1178,179950,35-39,F,112,81569,6,9.409999967,3,1,7.355735634861284e-05,1.5683333278333331,9.409999967,0.5,0.3333333333333333,click_through,100.0,100.0,10.62699259837309,962.6992598373088
1314384,1178,179951,35-39,F,113,441192,53,77.59999979,6,2,0.00012012910478884477,1.4641509394339622,38.799999895,0.11320754716981132,0.3333333333333333,click_through,100.0,200.0,2.577319594603571,157.73195946035713
1314385,1178,179952,35-39,F,114,90470,11,16.73000002,1,1,0.00012158726649718139,1.5209090927272726,16.73000002,0.09090909090909091,1.0,click_through,100.0,100.0,5.9772863048687555,497.72863048687555
1314386,1178,179953,40-44,F,100,834243,166,246.7499975,18,7,0.00019898279038601464,1.4864457680722891,35.24999964285714,0.10843373493975904,0.3888888888888889,click_through,100.0,700.0,2.8368794613665598,183.68794613665597
1314387,1178,179954,40-44,F,101,696612,152,223.1899948,31,9,0.00021819894001251774,1.4683552289473685,24.79888831111111,0.20394736842105263,0.2903225806451613,click_through,100.0,900.0,4.032438823283668,303.2438823283668
1314388,1178,179955,40-44,F,102,329333,48,67.60999918,1,0,0.0001457491353736188,1.4085416495833334,,0.020833333333333332,0.0,click_through,100.0,0.0,0.0,-100.0
1314389,1178,179956,40-44,F,103,1114711,224,319.0000019,6,0,0.00020094894551143748,1.4241071513392856,,0.026785714285714284,0.0,click_through,100.0,0.0,0.0,-100.0
1314390,1178,179957,40-44,F,104,267316,58,82.92999887,3,0,0.0002169716739738736,1.429827566724138,,0.05172413793103448,0.0,click_through,100.0,0.0,0.0,-100.0
1314391,1178,179958,40-44,F,105,228629,38,57.0,2,0,0.00016620813632566296,1.5,,0.05263157894736842,0.0,click_through,100.0,0.0,0.0,-100.0
1314392,1178,179959,40-44,F,106,758340,159,233.110002,13,4,0.00020966848643088853,1.466100641509434,58.2775005,0.08176100628930817,0.3076923076923077,click_through,100.0,400.0,1.7159280878904544,71.59280878904543
1314393,1178,179960,40-44,F,107,877535,149,217.7799966,5,2,0.00016979379739839436,1.4616107154362417,108.8899983,0.03355704697986577,0.4,click_through,100.0,200.0,0.9183579902765046,-8.164200972349544
1314394,1178,179961,40-44,F,108,1357386,223,323.0600071,10,1,0.00016428635627595983,1.4486995834080718,323.0600071,0.04484304932735426,0.1,click_through,100.0,100.0,0.30954001672217507,-69.04599832778248
1314395,1178,179962,40-44,F,109,280240,61,87.99000168,2,2,0.000217670568084499,1.4424590439344263,43.99500084,0.03278688524590164,1.0,click_through,100.0,200.0,2.272985523143361,127.29855231433606
1314396,1178,179963,40-44,F,110,419922,75,105.4500008,3,1,0.00017860459799677082,1.4060000106666666,105.4500008,0.04,0.3333333333333333,click_through,100.0,100.0,0.948316730595985,-5.1683269404015
1314397,1178,179964,40-44,F,111,402975,83,120.8999977,1,0,0.0002059681121657671,1.456626478313253,,0.012048192771084338,0.0,click_through,100.0,0.0,0.0,-100.0
1314398,1178,179965,40-44,F,112,1137635,211,301.0499992,30,10,0.0001854724933744127,1.4267772473933649,30.10499992,0.14218009478672985,0.3333333333333333,click_through,100.0,1000.0,3.321707366408789,232.1707366408789
1314400,1178,179967,40-44,F,114,250234,40,62.31999922,4,1,0.00015985038004427855,1.5579999805,62.31999922,0.1,0.25,click_through,100.0,100.0,1.604621329454503,60.46213294545032
1314401,1178,179968,45-49,F,100,904907,195,279.219995,11,1,0.00021549175771653882,1.4318974102564102,279.219995,0.05641025641025641,0.09090909090909091,click_through,100.0,100.0,0.3581405407589095,-64.18594592410905
1314402,1178,179969,45-49,F,101,589270,107,158.0500023,10,4,0.00018158059972508357,1.4771028252336447,39.512500575,0.09345794392523364,0.4,click_through,100.0,400.0,2.530844632578661,153.0844632578661
1314403,1178,179970,45-49,F,102,168714,24,36.01000071,2,2,0.00014225256943703547,1.50041669625,18.005000355,0.08333333333333333,1.0,click_through,100.0,200.0,5.554012664722327,455.4012664722328
1314404,1178,179971,45-49,F,103,71982,11,16.34000051,1,0,0.0001528159817732211,1.4854545918181818,,0.09090909090909091,0.0,click_through,100.0,0.0,0.0,-100.0
1314405,1178,179972,45-49,F,104,558666,110,162.6399975,14,5,0.0001968976096630187,1.4785454318181817,32.5279995,0.12727272727272726,0.35714285714285715,click_through,100.0,500.0,3.0742745184806095,207.42745184806094
1314406,1178,179973,45-49,F,105,1118200,235,333.7499943,11,4,0.00021015918440350564,1.4202127417021277,83.437498575,0.04680851063829787,0.36363636363636365,click_through,100.0,400.0,1.1985018931279723,19.85018931279723
1314407,1178,179974,45-49,F,106,107100,23,33.71000051,1,0,0.00021475256769374417,1.4656521960869566,,0.043478260869565216,0.0,click_through,100.0,0.0,0.0,-100.0
1314408,1178,179975,45-49,F,107,877769,160,232.5900005,13,4,0.0001822803038156964,1.453687503125,58.147500125,0.08125,0.3076923076923077,click_through,100.0,400.0,1.719764388581271,71.9764388581271
1314409,1178,179976,45-49,F,108,212508,33,47.69000006,4,1,0.00015528827150036704,1.4451515169696971,47.69000006,0.12121212121212122,0.25,click_through,100.0,100.0,2.0968756526355095,109.68756526355097
1314410,1178,179977,45-49,F,109,1129773,252,358.189997,13,2,0.00022305365768167588,1.421388876984127,179.0949985,0.051587301587301584,0.15384615384615385,click_through,100.0,200.0,0.5583628847122718,-44.163711528772815
1314411,1178,179978,45-49,F,110,637549,120,173.8800035,3,0,0.0001882208269482032,1.4490000291666665,,0.025,0.0,click_through,100.0,0.0,0.0,-100.0
1314412,1178,179979,45-49,F,111,151531,28,40.28999949,2,0,0.0001847806719417149,1.4389285532142857,,0.07142857142857142,0.0,click_through,100.0,0.0,0.0,-100.0
1314414,1178,179981,45-49,F,113,790253,135,198.7100005,8,2,0.0001708313666635875,1.4719259296296296,99.35500025,0.05925925925925926,0.25,click_through,100.0,200.0,1.0064918700455643,0.649187004556418
1314415,1178,179982,45-49,F,114,513161,114,165.6099987,5,2,0.00022215250184639908,1.4527192868421053,82.80499935,0.043859649122807015,0.4,click_through,100.0,200.0,1.207656551959142,20.765655195914203
